[
    {"model": "app.plc", "pk": 1, "fields": {"ip": "127.0.0.1", "rack": 0, "slot": 0, "port": 1012, "mod_at": "2020-01-01T00:00:00+00:00", "created_at": "2020-01-01T00:00:00+00:00"}},
    {"model": "app.area", "pk": 1, "fields": {"plc": 1, "nombre": "area", "area": 132, "numero": 1, "offset": 2, "created_at": "2020-01-01T00:00:00+00:00", "mod_at": "2020-01-01T00:00:00+00:00"}},
    {"model": "app.area", "pk": 2, "fields": {"plc": 1, "nombre": "area", "area": 132, "numero": 2, "offset": 2, "created_at": "2020-01-01T00:00:00+00:00", "mod_at": "2020-01-01T00:00:00+00:00"}},
    {"model": "app.fila", "pk": 1, "fields": {"area": 1, "name": "entero 1", "byte": 0, "bit": 0, "tipo_dato": "get_int", "created_at": "2020-01-01T00:00:00+00:00", "mod_at": "2020-01-01T00:00:00+00:00"}},
    {"model": "app.fila", "pk": 2, "fields": {"area": 1, "name": "booleano 1", "byte": 2, "bit": 0, "tipo_dato": "get_bool", "created_at": "2020-01-01T00:00:00+00:00", "mod_at": "2020-01-01T00:00:00+00:00"}},
    {"model": "app.fila", "pk": 3, "fields": {"area": 1, "name": "real 1", "byte": 3, "bit": 0, "tipo_dato": "get_real", "created_at": "2020-01-01T00:00:00+00:00", "mod_at": "2020-01-01T00:00:00+00:00"}},
    
    {"model": "app.dato", "pk": 1, "fields": {"area": 1, "created_at": "2020-01-01T00:00:00+00:00", "mod_at": "2020-01-01T00:00:00+00:00", "dato": "AA==", "procesado":false}},
    {"model": "app.dato", "pk": 2, "fields": {"area": 1, "created_at": "2020-01-01T00:00:01+00:00", "mod_at": "2020-01-01T00:00:00+00:00", "dato": "AQ==", "procesado":false}},
    {"model": "app.dato", "pk": 3, "fields": {"area": 1, "created_at": "2020-01-01T00:00:02+00:00", "mod_at": "2020-01-01T00:00:00+00:00", "dato": "Ag==", "procesado":false}},
    {"model": "app.dato", "pk": 4, "fields": {"area": 1, "created_at": "2020-01-01T00:00:03+00:00", "mod_at": "2020-01-01T00:00:00+00:00", "dato": "Aw==", "procesado":false}},
    
    {"model": "app.datoprocesado", "pk": 0, "fields": {"area": 1, "fila": 1, "plc": 1, "raw_dato": 1, "dato": "int:56", "date": "2020-01-01T00:00:00+00:00", "name": "entero 1", "created_at": "2020-01-01T00:00:00+00:00", "mod_at": "2020-01-01T00:00:00+00:00"}},
    {"model": "app.datoprocesado", "pk": 1, "fields": {"area": 1, "fila": 1, "plc": 1, "raw_dato": 2, "dato": "int:18", "date": "2020-01-01T00:01:00+00:00", "name": "entero 1", "created_at": "2020-01-01T00:00:01+00:00", "mod_at": "2020-01-01T00:00:00+00:00"}},
    {"model": "app.datoprocesado", "pk": 2, "fields": {"area": 1, "fila": 1, "plc": 1, "raw_dato": 3, "dato": "int:5", "date": "2020-01-01T00:02:00+00:00", "name": "entero 1", "created_at": "2020-01-01T00:00:02+00:00", "mod_at": "2020-01-01T00:00:00+00:00"}},
    {"model": "app.datoprocesado", "pk": 3, "fields": {"area": 1, "fila": 1, "plc": 1, "raw_dato": 4, "dato": "int:77", "date": "2020-01-01T00:03:00+00:00", "name": "entero 1", "created_at": "2020-01-01T00:00:03+00:00", "mod_at": "2020-01-01T00:00:00+00:00"}},
    {"model": "app.datoprocesado", "pk": 4, "fields": {"area": 1, "fila": 1, "plc": 1, "raw_dato": 3, "dato": "int:88", "date": "2020-01-01T00:04:00+00:00", "name": "entero 1", "created_at": "2020-01-01T00:00:02+00:00", "mod_at": "2020-01-01T00:00:00+00:00"}},
    {"model": "app.datoprocesado", "pk": 5, "fields": {"area": 1, "fila": 1, "plc": 1, "raw_dato": 1, "dato": "int:71", "date": "2020-01-01T00:05:00+00:00", "name": "entero 1", "created_at": "2020-01-01T00:00:00+00:00", "mod_at": "2020-01-01T00:00:00+00:00"}},
    {"model": "app.datoprocesado", "pk": 6, "fields": {"area": 1, "fila": 1, "plc": 1, "raw_dato": 2, "dato": "int:55", "date": "2020-01-01T00:06:00+00:00", "name": "entero 1", "created_at": "2020-01-01T00:00:01+00:00", "mod_at": "2020-01-01T00:00:00+00:00"}},
    {"model": "app.datoprocesado", "pk": 7, "fields": {"area": 1, "fila": 1, "plc": 1, "raw_dato": 3, "dato": "int:73", "date": "2020-01-01T00:07:00+00:00", "name": "entero 1", "created_at": "2020-01-01T00:00:02+00:00", "mod_at": "2020-01-01T00:00:00+00:00"}},
    {"model": "app.datoprocesado", "pk": 8, "fields": {"area": 1, "fila": 1, "plc": 1, "raw_dato": 4, "dato": "int:54", "date": "2020-01-01T00:08:00+00:00", "name": "entero 1", "created_at": "2020-01-01T00:00:03+00:00", "mod_at": "2020-01-01T00:00:00+00:00"}},
    {"model": "app.datoprocesado", "pk": 9, "fields": {"area": 1, "fila": 1, "plc": 1, "raw_dato": 3, "dato": "int:41", "date": "2020-01-01T00:09:00+00:00", "name": "entero 1", "created_at": "2020-01-01T00:00:02+00:00", "mod_at": "2020-01-01T00:00:00+00:00"}},
    {"model": "app.datoprocesado", "pk": 10, "fields": {"area": 1, "fila": 1, "plc": 1, "raw_dato": 1, "dato": "int:28", "date": "2020-01-01T00:10:00+00:00", "name": "entero 1", "created_at": "2020-01-01T00:00:00+00:00", "mod_at": "2020-01-01T00:00:00+00:00"}},
    {"model": "app.datoprocesado", "pk": 11, "fields": {"area": 1, "fila": 1, "plc": 1, "raw_dato": 2, "dato": "int:55", "date": "2020-01-01T00:11:00+00:00", "name": "entero 1", "created_at": "2020-01-01T00:00:01+00:00", "mod_at": "2020-01-01T00:00:00+00:00"}},
    {"model": "app.datoprocesado", "pk": 12, "fields": {"area": 1, "fila": 1, "plc": 1, "raw_dato": 3, "dato": "int:19", "date": "2020-01-01T00:12:00+00:00", "name": "entero 1", "created_at": "2020-01-01T00:00:02+00:00", "mod_at": "2020-01-01T00:00:00+00:00"}},
    {"model": "app.datoprocesado", "pk": 13, "fields": {"area": 1, "fila": 1, "plc": 1, "raw_dato": 4, "dato": "int:2", "date": "2020-01-01T00:13:00+00:00", "name": "entero 1", "created_at": "2020-01-01T00:00:03+00:00", "mod_at": "2020-01-01T00:00:00+00:00"}},
    {"model": "app.datoprocesado", "pk": 14, "fields": {"area": 1, "fila": 1, "plc": 1, "raw_dato": 3, "dato": "int:11", "date": "2020-01-01T00:14:00+00:00", "name": "entero 1", "created_at": "2020-01-01T00:00:02+00:00", "mod_at": "2020-01-01T00:00:00+00:00"}},
    {"model": "app.datoprocesado", "pk": 15, "fields": {"area": 1, "fila": 1, "plc": 1, "raw_dato": 1, "dato": "int:91", "date": "2020-01-01T00:15:00+00:00", "name": "entero 1", "created_at": "2020-01-01T00:00:00+00:00", "mod_at": "2020-01-01T00:00:00+00:00"}},
    {"model": "app.datoprocesado", "pk": 16, "fields": {"area": 1, "fila": 1, "plc": 1, "raw_dato": 2, "dato": "int:25", "date": "2020-01-01T00:16:00+00:00", "name": "entero 1", "created_at": "2020-01-01T00:00:01+00:00", "mod_at": "2020-01-01T00:00:00+00:00"}},
    {"model": "app.datoprocesado", "pk": 17, "fields": {"area": 1, "fila": 1, "plc": 1, "raw_dato": 3, "dato": "int:42", "date": "2020-01-01T00:17:00+00:00", "name": "entero 1", "created_at": "2020-01-01T00:00:02+00:00", "mod_at": "2020-01-01T00:00:00+00:00"}},
    {"model": "app.datoprocesado", "pk": 18, "fields": {"area": 1, "fila": 1, "plc": 1, "raw_dato": 4, "dato": "int:20", "date": "2020-01-01T00:18:00+00:00", "name": "entero 1", "created_at": "2020-01-01T00:00:03+00:00", "mod_at": "2020-01-01T00:00:00+00:00"}},
    {"model": "app.datoprocesado", "pk": 19, "fields": {"area": 1, "fila": 1, "plc": 1, "raw_dato": 3, "dato": "int:11", "date": "2020-01-01T00:19:00+00:00", "name": "entero 1", "created_at": "2020-01-01T00:00:02+00:00", "mod_at": "2020-01-01T00:00:00+00:00"}},
    {"model": "app.datoprocesado", "pk": 20, "fields": {"area": 1, "fila": 1, "plc": 1, "raw_dato": 1, "dato": "int:100", "date": "2020-01-01T00:20:00+00:00", "name": "entero 1", "created_at": "2020-01-01T00:00:00+00:00", "mod_at": "2020-01-01T00:00:00+00:00"}},
    {"model": "app.datoprocesado", "pk": 21, "fields": {"area": 1, "fila": 1, "plc": 1, "raw_dato": 2, "dato": "int:95", "date": "2020-01-01T00:21:00+00:00", "name": "entero 1", "created_at": "2020-01-01T00:00:01+00:00", "mod_at": "2020-01-01T00:00:00+00:00"}},
    {"model": "app.datoprocesado", "pk": 22, "fields": {"area": 1, "fila": 1, "plc": 1, "raw_dato": 3, "dato": "int:53", "date": "2020-01-01T00:22:00+00:00", "name": "entero 1", "created_at": "2020-01-01T00:00:02+00:00", "mod_at": "2020-01-01T00:00:00+00:00"}},
    {"model": "app.datoprocesado", "pk": 23, "fields": {"area": 1, "fila": 1, "plc": 1, "raw_dato": 4, "dato": "int:35", "date": "2020-01-01T00:23:00+00:00", "name": "entero 1", "created_at": "2020-01-01T00:00:03+00:00", "mod_at": "2020-01-01T00:00:00+00:00"}},
    {"model": "app.datoprocesado", "pk": 24, "fields": {"area": 1, "fila": 1, "plc": 1, "raw_dato": 3, "dato": "int:52", "date": "2020-01-01T00:24:00+00:00", "name": "entero 1", "created_at": "2020-01-01T00:00:02+00:00", "mod_at": "2020-01-01T00:00:00+00:00"}},
    {"model": "app.datoprocesado", "pk": 25, "fields": {"area": 1, "fila": 1, "plc": 1, "raw_dato": 1, "dato": "int:3", "date": "2020-01-01T00:25:00+00:00", "name": "entero 1", "created_at": "2020-01-01T00:00:00+00:00", "mod_at": "2020-01-01T00:00:00+00:00"}},
    {"model": "app.datoprocesado", "pk": 26, "fields": {"area": 1, "fila": 1, "plc": 1, "raw_dato": 2, "dato": "int:9", "date": "2020-01-01T00:26:00+00:00", "name": "entero 1", "created_at": "2020-01-01T00:00:01+00:00", "mod_at": "2020-01-01T00:00:00+00:00"}},
    {"model": "app.datoprocesado", "pk": 27, "fields": {"area": 1, "fila": 1, "plc": 1, "raw_dato": 3, "dato": "int:72", "date": "2020-01-01T00:27:00+00:00", "name": "entero 1", "created_at": "2020-01-01T00:00:02+00:00", "mod_at": "2020-01-01T00:00:00+00:00"}},
    {"model": "app.datoprocesado", "pk": 28, "fields": {"area": 1, "fila": 1, "plc": 1, "raw_dato": 4, "dato": "int:57", "date": "2020-01-01T00:28:00+00:00", "name": "entero 1", "created_at": "2020-01-01T00:00:03+00:00", "mod_at": "2020-01-01T00:00:00+00:00"}},
    {"model": "app.datoprocesado", "pk": 29, "fields": {"area": 1, "fila": 1, "plc": 1, "raw_dato": 3, "dato": "int:17", "date": "2020-01-01T00:29:00+00:00", "name": "entero 1", "created_at": "2020-01-01T00:00:02+00:00", "mod_at": "2020-01-01T00:00:00+00:00"}},
    {"model": "app.datoprocesado", "pk": 30, "fields": {"area": 1, "fila": 1, "plc": 1, "raw_dato": 1, "dato": "int:19", "date": "2020-01-01T00:30:00+00:00", "name": "entero 1", "created_at": "2020-01-01T00:00:00+00:00", "mod_at": "2020-01-01T00:00:00+00:00"}},
    {"model": "app.datoprocesado", "pk": 31, "fields": {"area": 1, "fila": 1, "plc": 1, "raw_dato": 2, "dato": "int:90", "date": "2020-01-01T00:31:00+00:00", "name": "entero 1", "created_at": "2020-01-01T00:00:01+00:00", "mod_at": "2020-01-01T00:00:00+00:00"}},
    {"model": "app.datoprocesado", "pk": 32, "fields": {"area": 1, "fila": 1, "plc": 1, "raw_dato": 3, "dato": "int:12", "date": "2020-01-01T00:32:00+00:00", "name": "entero 1", "created_at": "2020-01-01T00:00:02+00:00", "mod_at": "2020-01-01T00:00:00+00:00"}},
    {"model": "app.datoprocesado", "pk": 33, "fields": {"area": 1, "fila": 1, "plc": 1, "raw_dato": 4, "dato": "int:51", "date": "2020-01-01T00:33:00+00:00", "name": "entero 1", "created_at": "2020-01-01T00:00:03+00:00", "mod_at": "2020-01-01T00:00:00+00:00"}},
    {"model": "app.datoprocesado", "pk": 34, "fields": {"area": 1, "fila": 1, "plc": 1, "raw_dato": 3, "dato": "int:69", "date": "2020-01-01T00:34:00+00:00", "name": "entero 1", "created_at": "2020-01-01T00:00:02+00:00", "mod_at": "2020-01-01T00:00:00+00:00"}},
    {"model": "app.datoprocesado", "pk": 35, "fields": {"area": 1, "fila": 1, "plc": 1, "raw_dato": 1, "dato": "int:52", "date": "2020-01-01T00:35:00+00:00", "name": "entero 1", "created_at": "2020-01-01T00:00:00+00:00", "mod_at": "2020-01-01T00:00:00+00:00"}},
    {"model": "app.datoprocesado", "pk": 36, "fields": {"area": 1, "fila": 1, "plc": 1, "raw_dato": 2, "dato": "int:18", "date": "2020-01-01T00:36:00+00:00", "name": "entero 1", "created_at": "2020-01-01T00:00:01+00:00", "mod_at": "2020-01-01T00:00:00+00:00"}},
    {"model": "app.datoprocesado", "pk": 37, "fields": {"area": 1, "fila": 1, "plc": 1, "raw_dato": 3, "dato": "int:67", "date": "2020-01-01T00:37:00+00:00", "name": "entero 1", "created_at": "2020-01-01T00:00:02+00:00", "mod_at": "2020-01-01T00:00:00+00:00"}},
    {"model": "app.datoprocesado", "pk": 38, "fields": {"area": 1, "fila": 1, "plc": 1, "raw_dato": 4, "dato": "int:8", "date": "2020-01-01T00:38:00+00:00", "name": "entero 1", "created_at": "2020-01-01T00:00:03+00:00", "mod_at": "2020-01-01T00:00:00+00:00"}},
    {"model": "app.datoprocesado", "pk": 39, "fields": {"area": 1, "fila": 1, "plc": 1, "raw_dato": 3, "dato": "int:80", "date": "2020-01-01T00:39:00+00:00", "name": "entero 1", "created_at": "2020-01-01T00:00:02+00:00", "mod_at": "2020-01-01T00:00:00+00:00"}},
    {"model": "app.datoprocesado", "pk": 40, "fields": {"area": 1, "fila": 1, "plc": 1, "raw_dato": 1, "dato": "int:99", "date": "2020-01-01T00:40:00+00:00", "name": "entero 1", "created_at": "2020-01-01T00:00:00+00:00", "mod_at": "2020-01-01T00:00:00+00:00"}},
    {"model": "app.datoprocesado", "pk": 41, "fields": {"area": 1, "fila": 1, "plc": 1, "raw_dato": 2, "dato": "int:44", "date": "2020-01-01T00:41:00+00:00", "name": "entero 1", "created_at": "2020-01-01T00:00:01+00:00", "mod_at": "2020-01-01T00:00:00+00:00"}},
    {"model": "app.datoprocesado", "pk": 42, "fields": {"area": 1, "fila": 1, "plc": 1, "raw_dato": 3, "dato": "int:23", "date": "2020-01-01T00:42:00+00:00", "name": "entero 1", "created_at": "2020-01-01T00:00:02+00:00", "mod_at": "2020-01-01T00:00:00+00:00"}},
    {"model": "app.datoprocesado", "pk": 43, "fields": {"area": 1, "fila": 1, "plc": 1, "raw_dato": 4, "dato": "int:42", "date": "2020-01-01T00:43:00+00:00", "name": "entero 1", "created_at": "2020-01-01T00:00:03+00:00", "mod_at": "2020-01-01T00:00:00+00:00"}},
    {"model": "app.datoprocesado", "pk": 44, "fields": {"area": 1, "fila": 1, "plc": 1, "raw_dato": 3, "dato": "int:12", "date": "2020-01-01T00:44:00+00:00", "name": "entero 1", "created_at": "2020-01-01T00:00:02+00:00", "mod_at": "2020-01-01T00:00:00+00:00"}},
    {"model": "app.datoprocesado", "pk": 45, "fields": {"area": 1, "fila": 1, "plc": 1, "raw_dato": 1, "dato": "int:47", "date": "2020-01-01T00:45:00+00:00", "name": "entero 1", "created_at": "2020-01-01T00:00:00+00:00", "mod_at": "2020-01-01T00:00:00+00:00"}},
    {"model": "app.datoprocesado", "pk": 46, "fields": {"area": 1, "fila": 1, "plc": 1, "raw_dato": 2, "dato": "int:40", "date": "2020-01-01T00:46:00+00:00", "name": "entero 1", "created_at": "2020-01-01T00:00:01+00:00", "mod_at": "2020-01-01T00:00:00+00:00"}},
    {"model": "app.datoprocesado", "pk": 47, "fields": {"area": 1, "fila": 1, "plc": 1, "raw_dato": 3, "dato": "int:78", "date": "2020-01-01T00:47:00+00:00", "name": "entero 1", "created_at": "2020-01-01T00:00:02+00:00", "mod_at": "2020-01-01T00:00:00+00:00"}},
    {"model": "app.datoprocesado", "pk": 48, "fields": {"area": 1, "fila": 1, "plc": 1, "raw_dato": 4, "dato": "int:84", "date": "2020-01-01T00:48:00+00:00", "name": "entero 1", "created_at": "2020-01-01T00:00:03+00:00", "mod_at": "2020-01-01T00:00:00+00:00"}},
    {"model": "app.datoprocesado", "pk": 49, "fields": {"area": 1, "fila": 1, "plc": 1, "raw_dato": 3, "dato": "int:45", "date": "2020-01-01T00:49:00+00:00", "name": "entero 1", "created_at": "2020-01-01T00:00:02+00:00", "mod_at": "2020-01-01T00:00:00+00:00"}},
    {"model": "app.datoprocesado", "pk": 50, "fields": {"area": 1, "fila": 1, "plc": 1, "raw_dato": 1, "dato": "int:18", "date": "2020-01-01T00:50:00+00:00", "name": "entero 1", "created_at": "2020-01-01T00:00:00+00:00", "mod_at": "2020-01-01T00:00:00+00:00"}},
    {"model": "app.datoprocesado", "pk": 51, "fields": {"area": 1, "fila": 1, "plc": 1, "raw_dato": 2, "dato": "int:25", "date": "2020-01-01T00:51:00+00:00", "name": "entero 1", "created_at": "2020-01-01T00:00:01+00:00", "mod_at": "2020-01-01T00:00:00+00:00"}},
    {"model": "app.datoprocesado", "pk": 52, "fields": {"area": 1, "fila": 1, "plc": 1, "raw_dato": 3, "dato": "int:8", "date": "2020-01-01T00:52:00+00:00", "name": "entero 1", "created_at": "2020-01-01T00:00:02+00:00", "mod_at": "2020-01-01T00:00:00+00:00"}},
    {"model": "app.datoprocesado", "pk": 53, "fields": {"area": 1, "fila": 1, "plc": 1, "raw_dato": 4, "dato": "int:76", "date": "2020-01-01T00:53:00+00:00", "name": "entero 1", "created_at": "2020-01-01T00:00:03+00:00", "mod_at": "2020-01-01T00:00:00+00:00"}},
    {"model": "app.datoprocesado", "pk": 54, "fields": {"area": 1, "fila": 1, "plc": 1, "raw_dato": 3, "dato": "int:78", "date": "2020-01-01T00:54:00+00:00", "name": "entero 1", "created_at": "2020-01-01T00:00:02+00:00", "mod_at": "2020-01-01T00:00:00+00:00"}},
    {"model": "app.datoprocesado", "pk": 55, "fields": {"area": 1, "fila": 1, "plc": 1, "raw_dato": 1, "dato": "int:26", "date": "2020-01-01T00:55:00+00:00", "name": "entero 1", "created_at": "2020-01-01T00:00:00+00:00", "mod_at": "2020-01-01T00:00:00+00:00"}},
    {"model": "app.datoprocesado", "pk": 56, "fields": {"area": 1, "fila": 1, "plc": 1, "raw_dato": 2, "dato": "int:70", "date": "2020-01-01T00:56:00+00:00", "name": "entero 1", "created_at": "2020-01-01T00:00:01+00:00", "mod_at": "2020-01-01T00:00:00+00:00"}},
    {"model": "app.datoprocesado", "pk": 57, "fields": {"area": 1, "fila": 1, "plc": 1, "raw_dato": 3, "dato": "int:9", "date": "2020-01-01T00:57:00+00:00", "name": "entero 1", "created_at": "2020-01-01T00:00:02+00:00", "mod_at": "2020-01-01T00:00:00+00:00"}},
    {"model": "app.datoprocesado", "pk": 58, "fields": {"area": 1, "fila": 1, "plc": 1, "raw_dato": 4, "dato": "int:59", "date": "2020-01-01T00:58:00+00:00", "name": "entero 1", "created_at": "2020-01-01T00:00:03+00:00", "mod_at": "2020-01-01T00:00:00+00:00"}},
    {"model": "app.datoprocesado", "pk": 59, "fields": {"area": 1, "fila": 1, "plc": 1, "raw_dato": 3, "dato": "int:91", "date": "2020-01-01T00:59:00+00:00", "name": "entero 1", "created_at": "2020-01-01T00:00:02+00:00", "mod_at": "2020-01-01T00:00:00+00:00"}},
    {"model": "app.datoprocesado", "pk": 60, "fields": {"area": 1, "fila": 1, "plc": 1, "raw_dato": 1, "dato": "int:34", "date": "2020-01-01T01:00:00+00:00", "name": "entero 1", "created_at": "2020-01-01T00:00:00+00:00", "mod_at": "2020-01-01T00:00:00+00:00"}},
    {"model": "app.datoprocesado", "pk": 61, "fields": {"area": 1, "fila": 1, "plc": 1, "raw_dato": 2, "dato": "int:32", "date": "2020-01-01T01:01:00+00:00", "name": "entero 1", "created_at": "2020-01-01T00:00:01+00:00", "mod_at": "2020-01-01T00:00:00+00:00"}},
    {"model": "app.datoprocesado", "pk": 62, "fields": {"area": 1, "fila": 1, "plc": 1, "raw_dato": 3, "dato": "int:45", "date": "2020-01-01T01:02:00+00:00", "name": "entero 1", "created_at": "2020-01-01T00:00:02+00:00", "mod_at": "2020-01-01T00:00:00+00:00"}},
    {"model": "app.datoprocesado", "pk": 63, "fields": {"area": 1, "fila": 1, "plc": 1, "raw_dato": 4, "dato": "int:26", "date": "2020-01-01T01:03:00+00:00", "name": "entero 1", "created_at": "2020-01-01T00:00:03+00:00", "mod_at": "2020-01-01T00:00:00+00:00"}},
    {"model": "app.datoprocesado", "pk": 64, "fields": {"area": 1, "fila": 1, "plc": 1, "raw_dato": 3, "dato": "int:47", "date": "2020-01-01T01:04:00+00:00", "name": "entero 1", "created_at": "2020-01-01T00:00:02+00:00", "mod_at": "2020-01-01T00:00:00+00:00"}},
    {"model": "app.datoprocesado", "pk": 65, "fields": {"area": 1, "fila": 1, "plc": 1, "raw_dato": 1, "dato": "int:60", "date": "2020-01-01T01:05:00+00:00", "name": "entero 1", "created_at": "2020-01-01T00:00:00+00:00", "mod_at": "2020-01-01T00:00:00+00:00"}},
    {"model": "app.datoprocesado", "pk": 66, "fields": {"area": 1, "fila": 1, "plc": 1, "raw_dato": 2, "dato": "int:21", "date": "2020-01-01T01:06:00+00:00", "name": "entero 1", "created_at": "2020-01-01T00:00:01+00:00", "mod_at": "2020-01-01T00:00:00+00:00"}},
    {"model": "app.datoprocesado", "pk": 67, "fields": {"area": 1, "fila": 1, "plc": 1, "raw_dato": 3, "dato": "int:76", "date": "2020-01-01T01:07:00+00:00", "name": "entero 1", "created_at": "2020-01-01T00:00:02+00:00", "mod_at": "2020-01-01T00:00:00+00:00"}},
    {"model": "app.datoprocesado", "pk": 68, "fields": {"area": 1, "fila": 1, "plc": 1, "raw_dato": 4, "dato": "int:35", "date": "2020-01-01T01:08:00+00:00", "name": "entero 1", "created_at": "2020-01-01T00:00:03+00:00", "mod_at": "2020-01-01T00:00:00+00:00"}},
    {"model": "app.datoprocesado", "pk": 69, "fields": {"area": 1, "fila": 1, "plc": 1, "raw_dato": 3, "dato": "int:8", "date": "2020-01-01T01:09:00+00:00", "name": "entero 1", "created_at": "2020-01-01T00:00:02+00:00", "mod_at": "2020-01-01T00:00:00+00:00"}},
    {"model": "app.datoprocesado", "pk": 70, "fields": {"area": 1, "fila": 1, "plc": 1, "raw_dato": 1, "dato": "int:1", "date": "2020-01-01T01:10:00+00:00", "name": "entero 1", "created_at": "2020-01-01T00:00:00+00:00", "mod_at": "2020-01-01T00:00:00+00:00"}},
    {"model": "app.datoprocesado", "pk": 71, "fields": {"area": 1, "fila": 1, "plc": 1, "raw_dato": 2, "dato": "int:29", "date": "2020-01-01T01:11:00+00:00", "name": "entero 1", "created_at": "2020-01-01T00:00:01+00:00", "mod_at": "2020-01-01T00:00:00+00:00"}},
    {"model": "app.datoprocesado", "pk": 72, "fields": {"area": 1, "fila": 1, "plc": 1, "raw_dato": 3, "dato": "int:71", "date": "2020-01-01T01:12:00+00:00", "name": "entero 1", "created_at": "2020-01-01T00:00:02+00:00", "mod_at": "2020-01-01T00:00:00+00:00"}},
    {"model": "app.datoprocesado", "pk": 73, "fields": {"area": 1, "fila": 1, "plc": 1, "raw_dato": 4, "dato": "int:37", "date": "2020-01-01T01:13:00+00:00", "name": "entero 1", "created_at": "2020-01-01T00:00:03+00:00", "mod_at": "2020-01-01T00:00:00+00:00"}},
    {"model": "app.datoprocesado", "pk": 74, "fields": {"area": 1, "fila": 1, "plc": 1, "raw_dato": 3, "dato": "int:46", "date": "2020-01-01T01:14:00+00:00", "name": "entero 1", "created_at": "2020-01-01T00:00:02+00:00", "mod_at": "2020-01-01T00:00:00+00:00"}},
    {"model": "app.datoprocesado", "pk": 75, "fields": {"area": 1, "fila": 1, "plc": 1, "raw_dato": 1, "dato": "int:55", "date": "2020-01-01T01:15:00+00:00", "name": "entero 1", "created_at": "2020-01-01T00:00:00+00:00", "mod_at": "2020-01-01T00:00:00+00:00"}},
    {"model": "app.datoprocesado", "pk": 76, "fields": {"area": 1, "fila": 1, "plc": 1, "raw_dato": 2, "dato": "int:67", "date": "2020-01-01T01:16:00+00:00", "name": "entero 1", "created_at": "2020-01-01T00:00:01+00:00", "mod_at": "2020-01-01T00:00:00+00:00"}},
    {"model": "app.datoprocesado", "pk": 77, "fields": {"area": 1, "fila": 1, "plc": 1, "raw_dato": 3, "dato": "int:64", "date": "2020-01-01T01:17:00+00:00", "name": "entero 1", "created_at": "2020-01-01T00:00:02+00:00", "mod_at": "2020-01-01T00:00:00+00:00"}},
    {"model": "app.datoprocesado", "pk": 78, "fields": {"area": 1, "fila": 1, "plc": 1, "raw_dato": 4, "dato": "int:25", "date": "2020-01-01T01:18:00+00:00", "name": "entero 1", "created_at": "2020-01-01T00:00:03+00:00", "mod_at": "2020-01-01T00:00:00+00:00"}},
    {"model": "app.datoprocesado", "pk": 79, "fields": {"area": 1, "fila": 1, "plc": 1, "raw_dato": 3, "dato": "int:48", "date": "2020-01-01T01:19:00+00:00", "name": "entero 1", "created_at": "2020-01-01T00:00:02+00:00", "mod_at": "2020-01-01T00:00:00+00:00"}},
    {"model": "app.datoprocesado", "pk": 80, "fields": {"area": 1, "fila": 1, "plc": 1, "raw_dato": 1, "dato": "int:78", "date": "2020-01-01T01:20:00+00:00", "name": "entero 1", "created_at": "2020-01-01T00:00:00+00:00", "mod_at": "2020-01-01T00:00:00+00:00"}},
    {"model": "app.datoprocesado", "pk": 81, "fields": {"area": 1, "fila": 1, "plc": 1, "raw_dato": 2, "dato": "int:31", "date": "2020-01-01T01:21:00+00:00", "name": "entero 1", "created_at": "2020-01-01T00:00:01+00:00", "mod_at": "2020-01-01T00:00:00+00:00"}},
    {"model": "app.datoprocesado", "pk": 82, "fields": {"area": 1, "fila": 1, "plc": 1, "raw_dato": 3, "dato": "int:53", "date": "2020-01-01T01:22:00+00:00", "name": "entero 1", "created_at": "2020-01-01T00:00:02+00:00", "mod_at": "2020-01-01T00:00:00+00:00"}},
    {"model": "app.datoprocesado", "pk": 83, "fields": {"area": 1, "fila": 1, "plc": 1, "raw_dato": 4, "dato": "int:28", "date": "2020-01-01T01:23:00+00:00", "name": "entero 1", "created_at": "2020-01-01T00:00:03+00:00", "mod_at": "2020-01-01T00:00:00+00:00"}},
    {"model": "app.datoprocesado", "pk": 84, "fields": {"area": 1, "fila": 1, "plc": 1, "raw_dato": 3, "dato": "int:67", "date": "2020-01-01T01:24:00+00:00", "name": "entero 1", "created_at": "2020-01-01T00:00:02+00:00", "mod_at": "2020-01-01T00:00:00+00:00"}},
    {"model": "app.datoprocesado", "pk": 85, "fields": {"area": 1, "fila": 1, "plc": 1, "raw_dato": 3, "dato": "int:96", "date": "2020-01-01T01:25:00+00:00", "name": "entero 1", "created_at": "2020-01-01T00:00:02+00:00", "mod_at": "2020-01-01T00:00:00+00:00"}},
    {"model": "app.datoprocesado", "pk": 86, "fields": {"area": 1, "fila": 1, "plc": 1, "raw_dato": 3, "dato": "int:54", "date": "2020-01-01T01:26:00+00:00", "name": "entero 1", "created_at": "2020-01-01T00:00:02+00:00", "mod_at": "2020-01-01T00:00:00+00:00"}},
    {"model": "app.datoprocesado", "pk": 87, "fields": {"area": 1, "fila": 1, "plc": 1, "raw_dato": 3, "dato": "int:44", "date": "2020-01-01T01:27:00+00:00", "name": "entero 1", "created_at": "2020-01-01T00:00:02+00:00", "mod_at": "2020-01-01T00:00:00+00:00"}},
    {"model": "app.datoprocesado", "pk": 88, "fields": {"area": 1, "fila": 1, "plc": 1, "raw_dato": 3, "dato": "int:74", "date": "2020-01-01T01:28:00+00:00", "name": "entero 1", "created_at": "2020-01-01T00:00:02+00:00", "mod_at": "2020-01-01T00:00:00+00:00"}},
    {"model": "app.datoprocesado", "pk": 89, "fields": {"area": 1, "fila": 1, "plc": 1, "raw_dato": 3, "dato": "int:14", "date": "2020-01-01T01:29:00+00:00", "name": "entero 1", "created_at": "2020-01-01T00:00:02+00:00", "mod_at": "2020-01-01T00:00:00+00:00"}},
    {"model": "app.datoprocesado", "pk": 90, "fields": {"area": 1, "fila": 1, "plc": 1, "raw_dato": 3, "dato": "int:80", "date": "2020-01-01T01:30:00+00:00", "name": "entero 1", "created_at": "2020-01-01T00:00:02+00:00", "mod_at": "2020-01-01T00:00:00+00:00"}},
    {"model": "app.datoprocesado", "pk": 91, "fields": {"area": 1, "fila": 1, "plc": 1, "raw_dato": 3, "dato": "int:38", "date": "2020-01-01T01:31:00+00:00", "name": "entero 1", "created_at": "2020-01-01T00:00:02+00:00", "mod_at": "2020-01-01T00:00:00+00:00"}},
    {"model": "app.datoprocesado", "pk": 92, "fields": {"area": 1, "fila": 1, "plc": 1, "raw_dato": 3, "dato": "int:6", "date": "2020-01-01T01:32:00+00:00", "name": "entero 1", "created_at": "2020-01-01T00:00:02+00:00", "mod_at": "2020-01-01T00:00:00+00:00"}},
    {"model": "app.datoprocesado", "pk": 93, "fields": {"area": 1, "fila": 1, "plc": 1, "raw_dato": 3, "dato": "int:94", "date": "2020-01-01T01:33:00+00:00", "name": "entero 1", "created_at": "2020-01-01T00:00:02+00:00", "mod_at": "2020-01-01T00:00:00+00:00"}},
    {"model": "app.datoprocesado", "pk": 94, "fields": {"area": 1, "fila": 1, "plc": 1, "raw_dato": 3, "dato": "int:4", "date": "2020-01-01T01:34:00+00:00", "name": "entero 1", "created_at": "2020-01-01T00:00:02+00:00", "mod_at": "2020-01-01T00:00:00+00:00"}},
    {"model": "app.datoprocesado", "pk": 95, "fields": {"area": 1, "fila": 1, "plc": 1, "raw_dato": 3, "dato": "int:39", "date": "2020-01-01T01:35:00+00:00", "name": "entero 1", "created_at": "2020-01-01T00:00:02+00:00", "mod_at": "2020-01-01T00:00:00+00:00"}},
    {"model": "app.datoprocesado", "pk": 96, "fields": {"area": 1, "fila": 1, "plc": 1, "raw_dato": 3, "dato": "int:1", "date": "2020-01-01T01:36:00+00:00", "name": "entero 1", "created_at": "2020-01-01T00:00:02+00:00", "mod_at": "2020-01-01T00:00:00+00:00"}},
    {"model": "app.datoprocesado", "pk": 97, "fields": {"area": 1, "fila": 1, "plc": 1, "raw_dato": 3, "dato": "int:71", "date": "2020-01-01T01:37:00+00:00", "name": "entero 1", "created_at": "2020-01-01T00:00:02+00:00", "mod_at": "2020-01-01T00:00:00+00:00"}},
    {"model": "app.datoprocesado", "pk": 98, "fields": {"area": 1, "fila": 1, "plc": 1, "raw_dato": 3, "dato": "int:23", "date": "2020-01-01T01:38:00+00:00", "name": "entero 1", "created_at": "2020-01-01T00:00:02+00:00", "mod_at": "2020-01-01T00:00:00+00:00"}},
    {"model": "app.datoprocesado", "pk": 99, "fields": {"area": 1, "fila": 1, "plc": 1, "raw_dato": 3, "dato": "int:12", "date": "2020-01-01T01:39:00+00:00", "name": "entero 1", "created_at": "2020-01-01T00:00:02+00:00", "mod_at": "2020-01-01T00:00:00+00:00"}},
    {"model": "app.datoprocesado", "pk": 100, "fields": {"area": 1, "fila": 1, "plc": 1, "raw_dato": 3, "dato": "int:52", "date": "2020-01-01T01:40:00+00:00", "name": "entero 1", "created_at": "2020-01-01T00:00:02+00:00", "mod_at": "2020-01-01T00:00:00+00:00"}},
    
    {"model": "app.datoprocesado", "pk": 101, "fields": {"area": 1, "fila": 2, "plc": 1, "raw_dato": 1, "dato": "bool:True", "date": "2020-01-01T00:00:00+00:00", "name": "booleano 1", "created_at": "2020-01-01T00:00:00+00:00", "mod_at": "2020-01-01T00:00:00+00:00"}},
    {"model": "app.datoprocesado", "pk": 102, "fields": {"area": 1, "fila": 2, "plc": 1, "raw_dato": 2, "dato": "bool:False", "date": "2020-01-01T00:01:00+00:00", "name": "booleano 1", "created_at": "2020-01-01T00:00:01+00:00", "mod_at": "2020-01-01T00:00:00+00:00"}},
    {"model": "app.datoprocesado", "pk": 103, "fields": {"area": 1, "fila": 2, "plc": 1, "raw_dato": 3, "dato": "bool:True", "date": "2020-01-01T00:02:00+00:00", "name": "booleano 1", "created_at": "2020-01-01T00:00:02+00:00", "mod_at": "2020-01-01T00:00:00+00:00"}},
    {"model": "app.datoprocesado", "pk": 104, "fields": {"area": 1, "fila": 2, "plc": 1, "raw_dato": 4, "dato": "bool:False", "date": "2020-01-01T00:03:00+00:00", "name": "booleano 1", "created_at": "2020-01-01T00:00:03+00:00", "mod_at": "2020-01-01T00:00:00+00:00"}},
    {"model": "app.datoprocesado", "pk": 105, "fields": {"area": 1, "fila": 2, "plc": 1, "raw_dato": 3, "dato": "bool:True", "date": "2020-01-01T00:04:00+00:00", "name": "booleano 1", "created_at": "2020-01-01T00:00:02+00:00", "mod_at": "2020-01-01T00:00:00+00:00"}},
    {"model": "app.datoprocesado", "pk": 106, "fields": {"area": 1, "fila": 2, "plc": 1, "raw_dato": 1, "dato": "bool:True", "date": "2020-01-01T00:05:00+00:00", "name": "booleano 1", "created_at": "2020-01-01T00:00:00+00:00", "mod_at": "2020-01-01T00:00:00+00:00"}},
    {"model": "app.datoprocesado", "pk": 107, "fields": {"area": 1, "fila": 2, "plc": 1, "raw_dato": 2, "dato": "bool:True", "date": "2020-01-01T00:06:00+00:00", "name": "booleano 1", "created_at": "2020-01-01T00:00:01+00:00", "mod_at": "2020-01-01T00:00:00+00:00"}},
    {"model": "app.datoprocesado", "pk": 108, "fields": {"area": 1, "fila": 2, "plc": 1, "raw_dato": 3, "dato": "bool:True", "date": "2020-01-01T00:07:00+00:00", "name": "booleano 1", "created_at": "2020-01-01T00:00:02+00:00", "mod_at": "2020-01-01T00:00:00+00:00"}},
    {"model": "app.datoprocesado", "pk": 109, "fields": {"area": 1, "fila": 2, "plc": 1, "raw_dato": 4, "dato": "bool:False", "date": "2020-01-01T00:08:00+00:00", "name": "booleano 1", "created_at": "2020-01-01T00:00:03+00:00", "mod_at": "2020-01-01T00:00:00+00:00"}},
    {"model": "app.datoprocesado", "pk": 110, "fields": {"area": 1, "fila": 2, "plc": 1, "raw_dato": 3, "dato": "bool:True", "date": "2020-01-01T00:09:00+00:00", "name": "booleano 1", "created_at": "2020-01-01T00:00:02+00:00", "mod_at": "2020-01-01T00:00:00+00:00"}},
    {"model": "app.datoprocesado", "pk": 111, "fields": {"area": 1, "fila": 2, "plc": 1, "raw_dato": 1, "dato": "bool:False", "date": "2020-01-01T00:10:00+00:00", "name": "booleano 1", "created_at": "2020-01-01T00:00:00+00:00", "mod_at": "2020-01-01T00:00:00+00:00"}},
    {"model": "app.datoprocesado", "pk": 112, "fields": {"area": 1, "fila": 2, "plc": 1, "raw_dato": 2, "dato": "bool:False", "date": "2020-01-01T00:11:00+00:00", "name": "booleano 1", "created_at": "2020-01-01T00:00:01+00:00", "mod_at": "2020-01-01T00:00:00+00:00"}},
    {"model": "app.datoprocesado", "pk": 113, "fields": {"area": 1, "fila": 2, "plc": 1, "raw_dato": 3, "dato": "bool:True", "date": "2020-01-01T00:12:00+00:00", "name": "booleano 1", "created_at": "2020-01-01T00:00:02+00:00", "mod_at": "2020-01-01T00:00:00+00:00"}},
    {"model": "app.datoprocesado", "pk": 114, "fields": {"area": 1, "fila": 2, "plc": 1, "raw_dato": 4, "dato": "bool:True", "date": "2020-01-01T00:13:00+00:00", "name": "booleano 1", "created_at": "2020-01-01T00:00:03+00:00", "mod_at": "2020-01-01T00:00:00+00:00"}},
    {"model": "app.datoprocesado", "pk": 115, "fields": {"area": 1, "fila": 2, "plc": 1, "raw_dato": 3, "dato": "bool:True", "date": "2020-01-01T00:14:00+00:00", "name": "booleano 1", "created_at": "2020-01-01T00:00:02+00:00", "mod_at": "2020-01-01T00:00:00+00:00"}},
    {"model": "app.datoprocesado", "pk": 116, "fields": {"area": 1, "fila": 2, "plc": 1, "raw_dato": 1, "dato": "bool:False", "date": "2020-01-01T00:15:00+00:00", "name": "booleano 1", "created_at": "2020-01-01T00:00:00+00:00", "mod_at": "2020-01-01T00:00:00+00:00"}},
    {"model": "app.datoprocesado", "pk": 117, "fields": {"area": 1, "fila": 2, "plc": 1, "raw_dato": 2, "dato": "bool:True", "date": "2020-01-01T00:16:00+00:00", "name": "booleano 1", "created_at": "2020-01-01T00:00:01+00:00", "mod_at": "2020-01-01T00:00:00+00:00"}},
    {"model": "app.datoprocesado", "pk": 118, "fields": {"area": 1, "fila": 2, "plc": 1, "raw_dato": 3, "dato": "bool:True", "date": "2020-01-01T00:17:00+00:00", "name": "booleano 1", "created_at": "2020-01-01T00:00:02+00:00", "mod_at": "2020-01-01T00:00:00+00:00"}},
    {"model": "app.datoprocesado", "pk": 119, "fields": {"area": 1, "fila": 2, "plc": 1, "raw_dato": 4, "dato": "bool:False", "date": "2020-01-01T00:18:00+00:00", "name": "booleano 1", "created_at": "2020-01-01T00:00:03+00:00", "mod_at": "2020-01-01T00:00:00+00:00"}},
    {"model": "app.datoprocesado", "pk": 120, "fields": {"area": 1, "fila": 2, "plc": 1, "raw_dato": 3, "dato": "bool:False", "date": "2020-01-01T00:19:00+00:00", "name": "booleano 1", "created_at": "2020-01-01T00:00:02+00:00", "mod_at": "2020-01-01T00:00:00+00:00"}},
    {"model": "app.datoprocesado", "pk": 121, "fields": {"area": 1, "fila": 2, "plc": 1, "raw_dato": 1, "dato": "bool:True", "date": "2020-01-01T00:20:00+00:00", "name": "booleano 1", "created_at": "2020-01-01T00:00:00+00:00", "mod_at": "2020-01-01T00:00:00+00:00"}},
    {"model": "app.datoprocesado", "pk": 122, "fields": {"area": 1, "fila": 2, "plc": 1, "raw_dato": 2, "dato": "bool:True", "date": "2020-01-01T00:21:00+00:00", "name": "booleano 1", "created_at": "2020-01-01T00:00:01+00:00", "mod_at": "2020-01-01T00:00:00+00:00"}},
    {"model": "app.datoprocesado", "pk": 123, "fields": {"area": 1, "fila": 2, "plc": 1, "raw_dato": 3, "dato": "bool:False", "date": "2020-01-01T00:22:00+00:00", "name": "booleano 1", "created_at": "2020-01-01T00:00:02+00:00", "mod_at": "2020-01-01T00:00:00+00:00"}},
    {"model": "app.datoprocesado", "pk": 124, "fields": {"area": 1, "fila": 2, "plc": 1, "raw_dato": 4, "dato": "bool:True", "date": "2020-01-01T00:23:00+00:00", "name": "booleano 1", "created_at": "2020-01-01T00:00:03+00:00", "mod_at": "2020-01-01T00:00:00+00:00"}},
    {"model": "app.datoprocesado", "pk": 125, "fields": {"area": 1, "fila": 2, "plc": 1, "raw_dato": 3, "dato": "bool:False", "date": "2020-01-01T00:24:00+00:00", "name": "booleano 1", "created_at": "2020-01-01T00:00:02+00:00", "mod_at": "2020-01-01T00:00:00+00:00"}},
    {"model": "app.datoprocesado", "pk": 126, "fields": {"area": 1, "fila": 2, "plc": 1, "raw_dato": 1, "dato": "bool:False", "date": "2020-01-01T00:25:00+00:00", "name": "booleano 1", "created_at": "2020-01-01T00:00:00+00:00", "mod_at": "2020-01-01T00:00:00+00:00"}},
    {"model": "app.datoprocesado", "pk": 127, "fields": {"area": 1, "fila": 2, "plc": 1, "raw_dato": 2, "dato": "bool:False", "date": "2020-01-01T00:26:00+00:00", "name": "booleano 1", "created_at": "2020-01-01T00:00:01+00:00", "mod_at": "2020-01-01T00:00:00+00:00"}},
    {"model": "app.datoprocesado", "pk": 128, "fields": {"area": 1, "fila": 2, "plc": 1, "raw_dato": 3, "dato": "bool:False", "date": "2020-01-01T00:27:00+00:00", "name": "booleano 1", "created_at": "2020-01-01T00:00:02+00:00", "mod_at": "2020-01-01T00:00:00+00:00"}},
    {"model": "app.datoprocesado", "pk": 129, "fields": {"area": 1, "fila": 2, "plc": 1, "raw_dato": 4, "dato": "bool:False", "date": "2020-01-01T00:28:00+00:00", "name": "booleano 1", "created_at": "2020-01-01T00:00:03+00:00", "mod_at": "2020-01-01T00:00:00+00:00"}},
    {"model": "app.datoprocesado", "pk": 130, "fields": {"area": 1, "fila": 2, "plc": 1, "raw_dato": 3, "dato": "bool:False", "date": "2020-01-01T00:29:00+00:00", "name": "booleano 1", "created_at": "2020-01-01T00:00:02+00:00", "mod_at": "2020-01-01T00:00:00+00:00"}},
    {"model": "app.datoprocesado", "pk": 131, "fields": {"area": 1, "fila": 2, "plc": 1, "raw_dato": 1, "dato": "bool:True", "date": "2020-01-01T00:30:00+00:00", "name": "booleano 1", "created_at": "2020-01-01T00:00:00+00:00", "mod_at": "2020-01-01T00:00:00+00:00"}},
    {"model": "app.datoprocesado", "pk": 132, "fields": {"area": 1, "fila": 2, "plc": 1, "raw_dato": 2, "dato": "bool:False", "date": "2020-01-01T00:31:00+00:00", "name": "booleano 1", "created_at": "2020-01-01T00:00:01+00:00", "mod_at": "2020-01-01T00:00:00+00:00"}},
    {"model": "app.datoprocesado", "pk": 133, "fields": {"area": 1, "fila": 2, "plc": 1, "raw_dato": 3, "dato": "bool:False", "date": "2020-01-01T00:32:00+00:00", "name": "booleano 1", "created_at": "2020-01-01T00:00:02+00:00", "mod_at": "2020-01-01T00:00:00+00:00"}},
    {"model": "app.datoprocesado", "pk": 134, "fields": {"area": 1, "fila": 2, "plc": 1, "raw_dato": 4, "dato": "bool:True", "date": "2020-01-01T00:33:00+00:00", "name": "booleano 1", "created_at": "2020-01-01T00:00:03+00:00", "mod_at": "2020-01-01T00:00:00+00:00"}},
    {"model": "app.datoprocesado", "pk": 135, "fields": {"area": 1, "fila": 2, "plc": 1, "raw_dato": 3, "dato": "bool:True", "date": "2020-01-01T00:34:00+00:00", "name": "booleano 1", "created_at": "2020-01-01T00:00:02+00:00", "mod_at": "2020-01-01T00:00:00+00:00"}},
    {"model": "app.datoprocesado", "pk": 136, "fields": {"area": 1, "fila": 2, "plc": 1, "raw_dato": 1, "dato": "bool:True", "date": "2020-01-01T00:35:00+00:00", "name": "booleano 1", "created_at": "2020-01-01T00:00:00+00:00", "mod_at": "2020-01-01T00:00:00+00:00"}},
    {"model": "app.datoprocesado", "pk": 137, "fields": {"area": 1, "fila": 2, "plc": 1, "raw_dato": 2, "dato": "bool:False", "date": "2020-01-01T00:36:00+00:00", "name": "booleano 1", "created_at": "2020-01-01T00:00:01+00:00", "mod_at": "2020-01-01T00:00:00+00:00"}},
    {"model": "app.datoprocesado", "pk": 138, "fields": {"area": 1, "fila": 2, "plc": 1, "raw_dato": 3, "dato": "bool:False", "date": "2020-01-01T00:37:00+00:00", "name": "booleano 1", "created_at": "2020-01-01T00:00:02+00:00", "mod_at": "2020-01-01T00:00:00+00:00"}},
    {"model": "app.datoprocesado", "pk": 139, "fields": {"area": 1, "fila": 2, "plc": 1, "raw_dato": 4, "dato": "bool:False", "date": "2020-01-01T00:38:00+00:00", "name": "booleano 1", "created_at": "2020-01-01T00:00:03+00:00", "mod_at": "2020-01-01T00:00:00+00:00"}},
    {"model": "app.datoprocesado", "pk": 140, "fields": {"area": 1, "fila": 2, "plc": 1, "raw_dato": 3, "dato": "bool:False", "date": "2020-01-01T00:39:00+00:00", "name": "booleano 1", "created_at": "2020-01-01T00:00:02+00:00", "mod_at": "2020-01-01T00:00:00+00:00"}},
    {"model": "app.datoprocesado", "pk": 141, "fields": {"area": 1, "fila": 2, "plc": 1, "raw_dato": 1, "dato": "bool:True", "date": "2020-01-01T00:40:00+00:00", "name": "booleano 1", "created_at": "2020-01-01T00:00:00+00:00", "mod_at": "2020-01-01T00:00:00+00:00"}},
    {"model": "app.datoprocesado", "pk": 142, "fields": {"area": 1, "fila": 2, "plc": 1, "raw_dato": 2, "dato": "bool:True", "date": "2020-01-01T00:41:00+00:00", "name": "booleano 1", "created_at": "2020-01-01T00:00:01+00:00", "mod_at": "2020-01-01T00:00:00+00:00"}},
    {"model": "app.datoprocesado", "pk": 143, "fields": {"area": 1, "fila": 2, "plc": 1, "raw_dato": 3, "dato": "bool:True", "date": "2020-01-01T00:42:00+00:00", "name": "booleano 1", "created_at": "2020-01-01T00:00:02+00:00", "mod_at": "2020-01-01T00:00:00+00:00"}},
    {"model": "app.datoprocesado", "pk": 144, "fields": {"area": 1, "fila": 2, "plc": 1, "raw_dato": 4, "dato": "bool:False", "date": "2020-01-01T00:43:00+00:00", "name": "booleano 1", "created_at": "2020-01-01T00:00:03+00:00", "mod_at": "2020-01-01T00:00:00+00:00"}},
    {"model": "app.datoprocesado", "pk": 145, "fields": {"area": 1, "fila": 2, "plc": 1, "raw_dato": 3, "dato": "bool:True", "date": "2020-01-01T00:44:00+00:00", "name": "booleano 1", "created_at": "2020-01-01T00:00:02+00:00", "mod_at": "2020-01-01T00:00:00+00:00"}},
    {"model": "app.datoprocesado", "pk": 146, "fields": {"area": 1, "fila": 2, "plc": 1, "raw_dato": 1, "dato": "bool:False", "date": "2020-01-01T00:45:00+00:00", "name": "booleano 1", "created_at": "2020-01-01T00:00:00+00:00", "mod_at": "2020-01-01T00:00:00+00:00"}},
    {"model": "app.datoprocesado", "pk": 147, "fields": {"area": 1, "fila": 2, "plc": 1, "raw_dato": 2, "dato": "bool:True", "date": "2020-01-01T00:46:00+00:00", "name": "booleano 1", "created_at": "2020-01-01T00:00:01+00:00", "mod_at": "2020-01-01T00:00:00+00:00"}},
    {"model": "app.datoprocesado", "pk": 148, "fields": {"area": 1, "fila": 2, "plc": 1, "raw_dato": 3, "dato": "bool:True", "date": "2020-01-01T00:47:00+00:00", "name": "booleano 1", "created_at": "2020-01-01T00:00:02+00:00", "mod_at": "2020-01-01T00:00:00+00:00"}},
    {"model": "app.datoprocesado", "pk": 149, "fields": {"area": 1, "fila": 2, "plc": 1, "raw_dato": 4, "dato": "bool:True", "date": "2020-01-01T00:48:00+00:00", "name": "booleano 1", "created_at": "2020-01-01T00:00:03+00:00", "mod_at": "2020-01-01T00:00:00+00:00"}},
    {"model": "app.datoprocesado", "pk": 150, "fields": {"area": 1, "fila": 2, "plc": 1, "raw_dato": 3, "dato": "bool:True", "date": "2020-01-01T00:49:00+00:00", "name": "booleano 1", "created_at": "2020-01-01T00:00:02+00:00", "mod_at": "2020-01-01T00:00:00+00:00"}},
    {"model": "app.datoprocesado", "pk": 151, "fields": {"area": 1, "fila": 2, "plc": 1, "raw_dato": 1, "dato": "bool:False", "date": "2020-01-01T00:50:00+00:00", "name": "booleano 1", "created_at": "2020-01-01T00:00:00+00:00", "mod_at": "2020-01-01T00:00:00+00:00"}},
    {"model": "app.datoprocesado", "pk": 152, "fields": {"area": 1, "fila": 2, "plc": 1, "raw_dato": 2, "dato": "bool:True", "date": "2020-01-01T00:51:00+00:00", "name": "booleano 1", "created_at": "2020-01-01T00:00:01+00:00", "mod_at": "2020-01-01T00:00:00+00:00"}},
    {"model": "app.datoprocesado", "pk": 153, "fields": {"area": 1, "fila": 2, "plc": 1, "raw_dato": 3, "dato": "bool:False", "date": "2020-01-01T00:52:00+00:00", "name": "booleano 1", "created_at": "2020-01-01T00:00:02+00:00", "mod_at": "2020-01-01T00:00:00+00:00"}},
    {"model": "app.datoprocesado", "pk": 154, "fields": {"area": 1, "fila": 2, "plc": 1, "raw_dato": 4, "dato": "bool:True", "date": "2020-01-01T00:53:00+00:00", "name": "booleano 1", "created_at": "2020-01-01T00:00:03+00:00", "mod_at": "2020-01-01T00:00:00+00:00"}},
    {"model": "app.datoprocesado", "pk": 155, "fields": {"area": 1, "fila": 2, "plc": 1, "raw_dato": 3, "dato": "bool:True", "date": "2020-01-01T00:54:00+00:00", "name": "booleano 1", "created_at": "2020-01-01T00:00:02+00:00", "mod_at": "2020-01-01T00:00:00+00:00"}},
    {"model": "app.datoprocesado", "pk": 156, "fields": {"area": 1, "fila": 2, "plc": 1, "raw_dato": 1, "dato": "bool:False", "date": "2020-01-01T00:55:00+00:00", "name": "booleano 1", "created_at": "2020-01-01T00:00:00+00:00", "mod_at": "2020-01-01T00:00:00+00:00"}},
    {"model": "app.datoprocesado", "pk": 157, "fields": {"area": 1, "fila": 2, "plc": 1, "raw_dato": 2, "dato": "bool:True", "date": "2020-01-01T00:56:00+00:00", "name": "booleano 1", "created_at": "2020-01-01T00:00:01+00:00", "mod_at": "2020-01-01T00:00:00+00:00"}},
    {"model": "app.datoprocesado", "pk": 158, "fields": {"area": 1, "fila": 2, "plc": 1, "raw_dato": 3, "dato": "bool:True", "date": "2020-01-01T00:57:00+00:00", "name": "booleano 1", "created_at": "2020-01-01T00:00:02+00:00", "mod_at": "2020-01-01T00:00:00+00:00"}},
    {"model": "app.datoprocesado", "pk": 159, "fields": {"area": 1, "fila": 2, "plc": 1, "raw_dato": 4, "dato": "bool:False", "date": "2020-01-01T00:58:00+00:00", "name": "booleano 1", "created_at": "2020-01-01T00:00:03+00:00", "mod_at": "2020-01-01T00:00:00+00:00"}},
    {"model": "app.datoprocesado", "pk": 160, "fields": {"area": 1, "fila": 2, "plc": 1, "raw_dato": 3, "dato": "bool:True", "date": "2020-01-01T00:59:00+00:00", "name": "booleano 1", "created_at": "2020-01-01T00:00:02+00:00", "mod_at": "2020-01-01T00:00:00+00:00"}},
    {"model": "app.datoprocesado", "pk": 161, "fields": {"area": 1, "fila": 2, "plc": 1, "raw_dato": 1, "dato": "bool:False", "date": "2020-01-01T01:00:00+00:00", "name": "booleano 1", "created_at": "2020-01-01T00:00:00+00:00", "mod_at": "2020-01-01T00:00:00+00:00"}},
    {"model": "app.datoprocesado", "pk": 162, "fields": {"area": 1, "fila": 2, "plc": 1, "raw_dato": 2, "dato": "bool:True", "date": "2020-01-01T01:01:00+00:00", "name": "booleano 1", "created_at": "2020-01-01T00:00:01+00:00", "mod_at": "2020-01-01T00:00:00+00:00"}},
    {"model": "app.datoprocesado", "pk": 163, "fields": {"area": 1, "fila": 2, "plc": 1, "raw_dato": 3, "dato": "bool:False", "date": "2020-01-01T01:02:00+00:00", "name": "booleano 1", "created_at": "2020-01-01T00:00:02+00:00", "mod_at": "2020-01-01T00:00:00+00:00"}},
    {"model": "app.datoprocesado", "pk": 164, "fields": {"area": 1, "fila": 2, "plc": 1, "raw_dato": 4, "dato": "bool:True", "date": "2020-01-01T01:03:00+00:00", "name": "booleano 1", "created_at": "2020-01-01T00:00:03+00:00", "mod_at": "2020-01-01T00:00:00+00:00"}},
    {"model": "app.datoprocesado", "pk": 165, "fields": {"area": 1, "fila": 2, "plc": 1, "raw_dato": 3, "dato": "bool:True", "date": "2020-01-01T01:04:00+00:00", "name": "booleano 1", "created_at": "2020-01-01T00:00:02+00:00", "mod_at": "2020-01-01T00:00:00+00:00"}},
    {"model": "app.datoprocesado", "pk": 166, "fields": {"area": 1, "fila": 2, "plc": 1, "raw_dato": 1, "dato": "bool:False", "date": "2020-01-01T01:05:00+00:00", "name": "booleano 1", "created_at": "2020-01-01T00:00:00+00:00", "mod_at": "2020-01-01T00:00:00+00:00"}},
    {"model": "app.datoprocesado", "pk": 167, "fields": {"area": 1, "fila": 2, "plc": 1, "raw_dato": 2, "dato": "bool:True", "date": "2020-01-01T01:06:00+00:00", "name": "booleano 1", "created_at": "2020-01-01T00:00:01+00:00", "mod_at": "2020-01-01T00:00:00+00:00"}},
    {"model": "app.datoprocesado", "pk": 168, "fields": {"area": 1, "fila": 2, "plc": 1, "raw_dato": 3, "dato": "bool:True", "date": "2020-01-01T01:07:00+00:00", "name": "booleano 1", "created_at": "2020-01-01T00:00:02+00:00", "mod_at": "2020-01-01T00:00:00+00:00"}},
    {"model": "app.datoprocesado", "pk": 169, "fields": {"area": 1, "fila": 2, "plc": 1, "raw_dato": 4, "dato": "bool:True", "date": "2020-01-01T01:08:00+00:00", "name": "booleano 1", "created_at": "2020-01-01T00:00:03+00:00", "mod_at": "2020-01-01T00:00:00+00:00"}},
    {"model": "app.datoprocesado", "pk": 170, "fields": {"area": 1, "fila": 2, "plc": 1, "raw_dato": 3, "dato": "bool:True", "date": "2020-01-01T01:09:00+00:00", "name": "booleano 1", "created_at": "2020-01-01T00:00:02+00:00", "mod_at": "2020-01-01T00:00:00+00:00"}},
    {"model": "app.datoprocesado", "pk": 171, "fields": {"area": 1, "fila": 2, "plc": 1, "raw_dato": 1, "dato": "bool:False", "date": "2020-01-01T01:10:00+00:00", "name": "booleano 1", "created_at": "2020-01-01T00:00:00+00:00", "mod_at": "2020-01-01T00:00:00+00:00"}},
    {"model": "app.datoprocesado", "pk": 172, "fields": {"area": 1, "fila": 2, "plc": 1, "raw_dato": 2, "dato": "bool:True", "date": "2020-01-01T01:11:00+00:00", "name": "booleano 1", "created_at": "2020-01-01T00:00:01+00:00", "mod_at": "2020-01-01T00:00:00+00:00"}},
    {"model": "app.datoprocesado", "pk": 173, "fields": {"area": 1, "fila": 2, "plc": 1, "raw_dato": 3, "dato": "bool:False", "date": "2020-01-01T01:12:00+00:00", "name": "booleano 1", "created_at": "2020-01-01T00:00:02+00:00", "mod_at": "2020-01-01T00:00:00+00:00"}},
    {"model": "app.datoprocesado", "pk": 174, "fields": {"area": 1, "fila": 2, "plc": 1, "raw_dato": 4, "dato": "bool:True", "date": "2020-01-01T01:13:00+00:00", "name": "booleano 1", "created_at": "2020-01-01T00:00:03+00:00", "mod_at": "2020-01-01T00:00:00+00:00"}},
    {"model": "app.datoprocesado", "pk": 175, "fields": {"area": 1, "fila": 2, "plc": 1, "raw_dato": 3, "dato": "bool:True", "date": "2020-01-01T01:14:00+00:00", "name": "booleano 1", "created_at": "2020-01-01T00:00:02+00:00", "mod_at": "2020-01-01T00:00:00+00:00"}},
    {"model": "app.datoprocesado", "pk": 176, "fields": {"area": 1, "fila": 2, "plc": 1, "raw_dato": 1, "dato": "bool:False", "date": "2020-01-01T01:15:00+00:00", "name": "booleano 1", "created_at": "2020-01-01T00:00:00+00:00", "mod_at": "2020-01-01T00:00:00+00:00"}},
    {"model": "app.datoprocesado", "pk": 177, "fields": {"area": 1, "fila": 2, "plc": 1, "raw_dato": 2, "dato": "bool:False", "date": "2020-01-01T01:16:00+00:00", "name": "booleano 1", "created_at": "2020-01-01T00:00:01+00:00", "mod_at": "2020-01-01T00:00:00+00:00"}},
    {"model": "app.datoprocesado", "pk": 178, "fields": {"area": 1, "fila": 2, "plc": 1, "raw_dato": 3, "dato": "bool:False", "date": "2020-01-01T01:17:00+00:00", "name": "booleano 1", "created_at": "2020-01-01T00:00:02+00:00", "mod_at": "2020-01-01T00:00:00+00:00"}},
    {"model": "app.datoprocesado", "pk": 179, "fields": {"area": 1, "fila": 2, "plc": 1, "raw_dato": 4, "dato": "bool:False", "date": "2020-01-01T01:18:00+00:00", "name": "booleano 1", "created_at": "2020-01-01T00:00:03+00:00", "mod_at": "2020-01-01T00:00:00+00:00"}},
    {"model": "app.datoprocesado", "pk": 180, "fields": {"area": 1, "fila": 2, "plc": 1, "raw_dato": 3, "dato": "bool:True", "date": "2020-01-01T01:19:00+00:00", "name": "booleano 1", "created_at": "2020-01-01T00:00:02+00:00", "mod_at": "2020-01-01T00:00:00+00:00"}},
    {"model": "app.datoprocesado", "pk": 181, "fields": {"area": 1, "fila": 2, "plc": 1, "raw_dato": 1, "dato": "bool:False", "date": "2020-01-01T01:20:00+00:00", "name": "booleano 1", "created_at": "2020-01-01T00:00:00+00:00", "mod_at": "2020-01-01T00:00:00+00:00"}},
    {"model": "app.datoprocesado", "pk": 182, "fields": {"area": 1, "fila": 2, "plc": 1, "raw_dato": 2, "dato": "bool:False", "date": "2020-01-01T01:21:00+00:00", "name": "booleano 1", "created_at": "2020-01-01T00:00:01+00:00", "mod_at": "2020-01-01T00:00:00+00:00"}},
    {"model": "app.datoprocesado", "pk": 183, "fields": {"area": 1, "fila": 2, "plc": 1, "raw_dato": 3, "dato": "bool:False", "date": "2020-01-01T01:22:00+00:00", "name": "booleano 1", "created_at": "2020-01-01T00:00:02+00:00", "mod_at": "2020-01-01T00:00:00+00:00"}},
    {"model": "app.datoprocesado", "pk": 184, "fields": {"area": 1, "fila": 2, "plc": 1, "raw_dato": 4, "dato": "bool:True", "date": "2020-01-01T01:23:00+00:00", "name": "booleano 1", "created_at": "2020-01-01T00:00:03+00:00", "mod_at": "2020-01-01T00:00:00+00:00"}},
    {"model": "app.datoprocesado", "pk": 185, "fields": {"area": 1, "fila": 2, "plc": 1, "raw_dato": 3, "dato": "bool:False", "date": "2020-01-01T01:24:00+00:00", "name": "booleano 1", "created_at": "2020-01-01T00:00:02+00:00", "mod_at": "2020-01-01T00:00:00+00:00"}},
    {"model": "app.datoprocesado", "pk": 186, "fields": {"area": 1, "fila": 2, "plc": 1, "raw_dato": 3, "dato": "bool:True", "date": "2020-01-01T01:25:00+00:00", "name": "booleano 1", "created_at": "2020-01-01T00:00:02+00:00", "mod_at": "2020-01-01T00:00:00+00:00"}},
    {"model": "app.datoprocesado", "pk": 187, "fields": {"area": 1, "fila": 2, "plc": 1, "raw_dato": 3, "dato": "bool:False", "date": "2020-01-01T01:26:00+00:00", "name": "booleano 1", "created_at": "2020-01-01T00:00:02+00:00", "mod_at": "2020-01-01T00:00:00+00:00"}},
    {"model": "app.datoprocesado", "pk": 188, "fields": {"area": 1, "fila": 2, "plc": 1, "raw_dato": 3, "dato": "bool:False", "date": "2020-01-01T01:27:00+00:00", "name": "booleano 1", "created_at": "2020-01-01T00:00:02+00:00", "mod_at": "2020-01-01T00:00:00+00:00"}},
    {"model": "app.datoprocesado", "pk": 189, "fields": {"area": 1, "fila": 2, "plc": 1, "raw_dato": 3, "dato": "bool:False", "date": "2020-01-01T01:28:00+00:00", "name": "booleano 1", "created_at": "2020-01-01T00:00:02+00:00", "mod_at": "2020-01-01T00:00:00+00:00"}},
    {"model": "app.datoprocesado", "pk": 190, "fields": {"area": 1, "fila": 2, "plc": 1, "raw_dato": 3, "dato": "bool:True", "date": "2020-01-01T01:29:00+00:00", "name": "booleano 1", "created_at": "2020-01-01T00:00:02+00:00", "mod_at": "2020-01-01T00:00:00+00:00"}},
    {"model": "app.datoprocesado", "pk": 191, "fields": {"area": 1, "fila": 2, "plc": 1, "raw_dato": 3, "dato": "bool:False", "date": "2020-01-01T01:30:00+00:00", "name": "booleano 1", "created_at": "2020-01-01T00:00:02+00:00", "mod_at": "2020-01-01T00:00:00+00:00"}},
    {"model": "app.datoprocesado", "pk": 192, "fields": {"area": 1, "fila": 2, "plc": 1, "raw_dato": 3, "dato": "bool:False", "date": "2020-01-01T01:31:00+00:00", "name": "booleano 1", "created_at": "2020-01-01T00:00:02+00:00", "mod_at": "2020-01-01T00:00:00+00:00"}},
    {"model": "app.datoprocesado", "pk": 193, "fields": {"area": 1, "fila": 2, "plc": 1, "raw_dato": 3, "dato": "bool:True", "date": "2020-01-01T01:32:00+00:00", "name": "booleano 1", "created_at": "2020-01-01T00:00:02+00:00", "mod_at": "2020-01-01T00:00:00+00:00"}},
    {"model": "app.datoprocesado", "pk": 194, "fields": {"area": 1, "fila": 2, "plc": 1, "raw_dato": 3, "dato": "bool:False", "date": "2020-01-01T01:33:00+00:00", "name": "booleano 1", "created_at": "2020-01-01T00:00:02+00:00", "mod_at": "2020-01-01T00:00:00+00:00"}},
    {"model": "app.datoprocesado", "pk": 195, "fields": {"area": 1, "fila": 2, "plc": 1, "raw_dato": 3, "dato": "bool:False", "date": "2020-01-01T01:34:00+00:00", "name": "booleano 1", "created_at": "2020-01-01T00:00:02+00:00", "mod_at": "2020-01-01T00:00:00+00:00"}},
    {"model": "app.datoprocesado", "pk": 196, "fields": {"area": 1, "fila": 2, "plc": 1, "raw_dato": 3, "dato": "bool:True", "date": "2020-01-01T01:35:00+00:00", "name": "booleano 1", "created_at": "2020-01-01T00:00:02+00:00", "mod_at": "2020-01-01T00:00:00+00:00"}},
    {"model": "app.datoprocesado", "pk": 197, "fields": {"area": 1, "fila": 2, "plc": 1, "raw_dato": 3, "dato": "bool:False", "date": "2020-01-01T01:36:00+00:00", "name": "booleano 1", "created_at": "2020-01-01T00:00:02+00:00", "mod_at": "2020-01-01T00:00:00+00:00"}},
    {"model": "app.datoprocesado", "pk": 198, "fields": {"area": 1, "fila": 2, "plc": 1, "raw_dato": 3, "dato": "bool:True", "date": "2020-01-01T01:37:00+00:00", "name": "booleano 1", "created_at": "2020-01-01T00:00:02+00:00", "mod_at": "2020-01-01T00:00:00+00:00"}},
    {"model": "app.datoprocesado", "pk": 199, "fields": {"area": 1, "fila": 2, "plc": 1, "raw_dato": 3, "dato": "bool:False", "date": "2020-01-01T01:38:00+00:00", "name": "booleano 1", "created_at": "2020-01-01T00:00:02+00:00", "mod_at": "2020-01-01T00:00:00+00:00"}},
    {"model": "app.datoprocesado", "pk": 200, "fields": {"area": 1, "fila": 2, "plc": 1, "raw_dato": 3, "dato": "bool:True", "date": "2020-01-01T01:39:00+00:00", "name": "booleano 1", "created_at": "2020-01-01T00:00:02+00:00", "mod_at": "2020-01-01T00:00:00+00:00"}},
    {"model": "app.datoprocesado", "pk": 201, "fields": {"area": 1, "fila": 2, "plc": 1, "raw_dato": 3, "dato": "bool:True", "date": "2020-01-01T01:40:00+00:00", "name": "booleano 1", "created_at": "2020-01-01T00:00:02+00:00", "mod_at": "2020-01-01T00:00:00+00:00"}},
    
    {"model": "app.datoprocesado", "pk": 202, "fields": {"area": 1, "fila": 3, "plc": 1, "raw_dato": 1, "dato": "real:853.781", "date": "2020-01-01T00:00:00+00:00", "name": "booleano 1", "created_at": "2020-01-01T00:00:00+00:00", "mod_at": "2020-01-01T00:00:00+00:00"}},
    {"model": "app.datoprocesado", "pk": 203, "fields": {"area": 1, "fila": 3, "plc": 1, "raw_dato": 2, "dato": "real:87.278", "date": "2020-01-01T00:01:00+00:00", "name": "booleano 1", "created_at": "2020-01-01T00:00:01+00:00", "mod_at": "2020-01-01T00:00:00+00:00"}},
    {"model": "app.datoprocesado", "pk": 204, "fields": {"area": 1, "fila": 3, "plc": 1, "raw_dato": 3, "dato": "real:5.06", "date": "2020-01-01T00:02:00+00:00", "name": "booleano 1", "created_at": "2020-01-01T00:00:02+00:00", "mod_at": "2020-01-01T00:00:00+00:00"}},
    {"model": "app.datoprocesado", "pk": 205, "fields": {"area": 1, "fila": 3, "plc": 1, "raw_dato": 4, "dato": "real:049.973", "date": "2020-01-01T00:03:00+00:00", "name": "booleano 1", "created_at": "2020-01-01T00:00:03+00:00", "mod_at": "2020-01-01T00:00:00+00:00"}},
    {"model": "app.datoprocesado", "pk": 206, "fields": {"area": 1, "fila": 3, "plc": 1, "raw_dato": 3, "dato": "real:96.3", "date": "2020-01-01T00:04:00+00:00", "name": "booleano 1", "created_at": "2020-01-01T00:00:02+00:00", "mod_at": "2020-01-01T00:00:00+00:00"}},
    {"model": "app.datoprocesado", "pk": 207, "fields": {"area": 1, "fila": 3, "plc": 1, "raw_dato": 1, "dato": "real:856.9050", "date": "2020-01-01T00:05:00+00:00", "name": "booleano 1", "created_at": "2020-01-01T00:00:00+00:00", "mod_at": "2020-01-01T00:00:00+00:00"}},
    {"model": "app.datoprocesado", "pk": 208, "fields": {"area": 1, "fila": 3, "plc": 1, "raw_dato": 2, "dato": "real:34.7", "date": "2020-01-01T00:06:00+00:00", "name": "booleano 1", "created_at": "2020-01-01T00:00:01+00:00", "mod_at": "2020-01-01T00:00:00+00:00"}},
    {"model": "app.datoprocesado", "pk": 209, "fields": {"area": 1, "fila": 3, "plc": 1, "raw_dato": 3, "dato": "real:189.0", "date": "2020-01-01T00:07:00+00:00", "name": "booleano 1", "created_at": "2020-01-01T00:00:02+00:00", "mod_at": "2020-01-01T00:00:00+00:00"}},
    {"model": "app.datoprocesado", "pk": 210, "fields": {"area": 1, "fila": 3, "plc": 1, "raw_dato": 4, "dato": "real:87.7", "date": "2020-01-01T00:08:00+00:00", "name": "booleano 1", "created_at": "2020-01-01T00:00:03+00:00", "mod_at": "2020-01-01T00:00:00+00:00"}},
    {"model": "app.datoprocesado", "pk": 211, "fields": {"area": 1, "fila": 3, "plc": 1, "raw_dato": 3, "dato": "real:299.6", "date": "2020-01-01T00:09:00+00:00", "name": "booleano 1", "created_at": "2020-01-01T00:00:02+00:00", "mod_at": "2020-01-01T00:00:00+00:00"}},
    {"model": "app.datoprocesado", "pk": 212, "fields": {"area": 1, "fila": 3, "plc": 1, "raw_dato": 1, "dato": "real:208.02484", "date": "2020-01-01T00:10:00+00:00", "name": "booleano 1", "created_at": "2020-01-01T00:00:00+00:00", "mod_at": "2020-01-01T00:00:00+00:00"}},
    {"model": "app.datoprocesado", "pk": 213, "fields": {"area": 1, "fila": 3, "plc": 1, "raw_dato": 2, "dato": "real:92.13041", "date": "2020-01-01T00:11:00+00:00", "name": "booleano 1", "created_at": "2020-01-01T00:00:01+00:00", "mod_at": "2020-01-01T00:00:00+00:00"}},
    {"model": "app.datoprocesado", "pk": 214, "fields": {"area": 1, "fila": 3, "plc": 1, "raw_dato": 3, "dato": "real:036.0", "date": "2020-01-01T00:12:00+00:00", "name": "booleano 1", "created_at": "2020-01-01T00:00:02+00:00", "mod_at": "2020-01-01T00:00:00+00:00"}},
    {"model": "app.datoprocesado", "pk": 215, "fields": {"area": 1, "fila": 3, "plc": 1, "raw_dato": 4, "dato": "real:099.5", "date": "2020-01-01T00:13:00+00:00", "name": "booleano 1", "created_at": "2020-01-01T00:00:03+00:00", "mod_at": "2020-01-01T00:00:00+00:00"}},
    {"model": "app.datoprocesado", "pk": 216, "fields": {"area": 1, "fila": 3, "plc": 1, "raw_dato": 3, "dato": "real:944.451", "date": "2020-01-01T00:14:00+00:00", "name": "booleano 1", "created_at": "2020-01-01T00:00:02+00:00", "mod_at": "2020-01-01T00:00:00+00:00"}},
    {"model": "app.datoprocesado", "pk": 217, "fields": {"area": 1, "fila": 3, "plc": 1, "raw_dato": 1, "dato": "real:620.02", "date": "2020-01-01T00:15:00+00:00", "name": "booleano 1", "created_at": "2020-01-01T00:00:00+00:00", "mod_at": "2020-01-01T00:00:00+00:00"}},
    {"model": "app.datoprocesado", "pk": 218, "fields": {"area": 1, "fila": 3, "plc": 1, "raw_dato": 2, "dato": "real:423.068", "date": "2020-01-01T00:16:00+00:00", "name": "booleano 1", "created_at": "2020-01-01T00:00:01+00:00", "mod_at": "2020-01-01T00:00:00+00:00"}},
    {"model": "app.datoprocesado", "pk": 219, "fields": {"area": 1, "fila": 3, "plc": 1, "raw_dato": 3, "dato": "real:43.64", "date": "2020-01-01T00:17:00+00:00", "name": "booleano 1", "created_at": "2020-01-01T00:00:02+00:00", "mod_at": "2020-01-01T00:00:00+00:00"}},
    {"model": "app.datoprocesado", "pk": 220, "fields": {"area": 1, "fila": 3, "plc": 1, "raw_dato": 4, "dato": "real:94.48773", "date": "2020-01-01T00:18:00+00:00", "name": "booleano 1", "created_at": "2020-01-01T00:00:03+00:00", "mod_at": "2020-01-01T00:00:00+00:00"}},
    {"model": "app.datoprocesado", "pk": 221, "fields": {"area": 1, "fila": 3, "plc": 1, "raw_dato": 3, "dato": "real:19.12", "date": "2020-01-01T00:19:00+00:00", "name": "booleano 1", "created_at": "2020-01-01T00:00:02+00:00", "mod_at": "2020-01-01T00:00:00+00:00"}},
    {"model": "app.datoprocesado", "pk": 222, "fields": {"area": 1, "fila": 3, "plc": 1, "raw_dato": 1, "dato": "real:196.061", "date": "2020-01-01T00:20:00+00:00", "name": "booleano 1", "created_at": "2020-01-01T00:00:00+00:00", "mod_at": "2020-01-01T00:00:00+00:00"}},
    {"model": "app.datoprocesado", "pk": 223, "fields": {"area": 1, "fila": 3, "plc": 1, "raw_dato": 2, "dato": "real:243.84", "date": "2020-01-01T00:21:00+00:00", "name": "booleano 1", "created_at": "2020-01-01T00:00:01+00:00", "mod_at": "2020-01-01T00:00:00+00:00"}},
    {"model": "app.datoprocesado", "pk": 224, "fields": {"area": 1, "fila": 3, "plc": 1, "raw_dato": 3, "dato": "real:9.1615", "date": "2020-01-01T00:22:00+00:00", "name": "booleano 1", "created_at": "2020-01-01T00:00:02+00:00", "mod_at": "2020-01-01T00:00:00+00:00"}},
    {"model": "app.datoprocesado", "pk": 225, "fields": {"area": 1, "fila": 3, "plc": 1, "raw_dato": 4, "dato": "real:0.4017", "date": "2020-01-01T00:23:00+00:00", "name": "booleano 1", "created_at": "2020-01-01T00:00:03+00:00", "mod_at": "2020-01-01T00:00:00+00:00"}},
    {"model": "app.datoprocesado", "pk": 226, "fields": {"area": 1, "fila": 3, "plc": 1, "raw_dato": 3, "dato": "real:687.01715", "date": "2020-01-01T00:24:00+00:00", "name": "booleano 1", "created_at": "2020-01-01T00:00:02+00:00", "mod_at": "2020-01-01T00:00:00+00:00"}},
    {"model": "app.datoprocesado", "pk": 227, "fields": {"area": 1, "fila": 3, "plc": 1, "raw_dato": 1, "dato": "real:063.83", "date": "2020-01-01T00:25:00+00:00", "name": "booleano 1", "created_at": "2020-01-01T00:00:00+00:00", "mod_at": "2020-01-01T00:00:00+00:00"}},
    {"model": "app.datoprocesado", "pk": 228, "fields": {"area": 1, "fila": 3, "plc": 1, "raw_dato": 2, "dato": "real:61.4682", "date": "2020-01-01T00:26:00+00:00", "name": "booleano 1", "created_at": "2020-01-01T00:00:01+00:00", "mod_at": "2020-01-01T00:00:00+00:00"}},
    {"model": "app.datoprocesado", "pk": 229, "fields": {"area": 1, "fila": 3, "plc": 1, "raw_dato": 3, "dato": "real:999.06", "date": "2020-01-01T00:27:00+00:00", "name": "booleano 1", "created_at": "2020-01-01T00:00:02+00:00", "mod_at": "2020-01-01T00:00:00+00:00"}},
    {"model": "app.datoprocesado", "pk": 230, "fields": {"area": 1, "fila": 3, "plc": 1, "raw_dato": 4, "dato": "real:00.30", "date": "2020-01-01T00:28:00+00:00", "name": "booleano 1", "created_at": "2020-01-01T00:00:03+00:00", "mod_at": "2020-01-01T00:00:00+00:00"}},
    {"model": "app.datoprocesado", "pk": 231, "fields": {"area": 1, "fila": 3, "plc": 1, "raw_dato": 3, "dato": "real:06.41706", "date": "2020-01-01T00:29:00+00:00", "name": "booleano 1", "created_at": "2020-01-01T00:00:02+00:00", "mod_at": "2020-01-01T00:00:00+00:00"}},
    {"model": "app.datoprocesado", "pk": 232, "fields": {"area": 1, "fila": 3, "plc": 1, "raw_dato": 1, "dato": "real:12.74", "date": "2020-01-01T00:30:00+00:00", "name": "booleano 1", "created_at": "2020-01-01T00:00:00+00:00", "mod_at": "2020-01-01T00:00:00+00:00"}},
    {"model": "app.datoprocesado", "pk": 233, "fields": {"area": 1, "fila": 3, "plc": 1, "raw_dato": 2, "dato": "real:90.2980", "date": "2020-01-01T00:31:00+00:00", "name": "booleano 1", "created_at": "2020-01-01T00:00:01+00:00", "mod_at": "2020-01-01T00:00:00+00:00"}},
    {"model": "app.datoprocesado", "pk": 234, "fields": {"area": 1, "fila": 3, "plc": 1, "raw_dato": 3, "dato": "real:3.6001", "date": "2020-01-01T00:32:00+00:00", "name": "booleano 1", "created_at": "2020-01-01T00:00:02+00:00", "mod_at": "2020-01-01T00:00:00+00:00"}},
    {"model": "app.datoprocesado", "pk": 235, "fields": {"area": 1, "fila": 3, "plc": 1, "raw_dato": 4, "dato": "real:720.31604", "date": "2020-01-01T00:33:00+00:00", "name": "booleano 1", "created_at": "2020-01-01T00:00:03+00:00", "mod_at": "2020-01-01T00:00:00+00:00"}},
    {"model": "app.datoprocesado", "pk": 236, "fields": {"area": 1, "fila": 3, "plc": 1, "raw_dato": 3, "dato": "real:493.0", "date": "2020-01-01T00:34:00+00:00", "name": "booleano 1", "created_at": "2020-01-01T00:00:02+00:00", "mod_at": "2020-01-01T00:00:00+00:00"}},
    {"model": "app.datoprocesado", "pk": 237, "fields": {"area": 1, "fila": 3, "plc": 1, "raw_dato": 1, "dato": "real:73.80", "date": "2020-01-01T00:35:00+00:00", "name": "booleano 1", "created_at": "2020-01-01T00:00:00+00:00", "mod_at": "2020-01-01T00:00:00+00:00"}},
    {"model": "app.datoprocesado", "pk": 238, "fields": {"area": 1, "fila": 3, "plc": 1, "raw_dato": 2, "dato": "real:197.3374", "date": "2020-01-01T00:36:00+00:00", "name": "booleano 1", "created_at": "2020-01-01T00:00:01+00:00", "mod_at": "2020-01-01T00:00:00+00:00"}},
    {"model": "app.datoprocesado", "pk": 239, "fields": {"area": 1, "fila": 3, "plc": 1, "raw_dato": 3, "dato": "real:124.7373", "date": "2020-01-01T00:37:00+00:00", "name": "booleano 1", "created_at": "2020-01-01T00:00:02+00:00", "mod_at": "2020-01-01T00:00:00+00:00"}},
    {"model": "app.datoprocesado", "pk": 240, "fields": {"area": 1, "fila": 3, "plc": 1, "raw_dato": 4, "dato": "real:8.4", "date": "2020-01-01T00:38:00+00:00", "name": "booleano 1", "created_at": "2020-01-01T00:00:03+00:00", "mod_at": "2020-01-01T00:00:00+00:00"}},
    {"model": "app.datoprocesado", "pk": 241, "fields": {"area": 1, "fila": 3, "plc": 1, "raw_dato": 3, "dato": "real:15.3", "date": "2020-01-01T00:39:00+00:00", "name": "booleano 1", "created_at": "2020-01-01T00:00:02+00:00", "mod_at": "2020-01-01T00:00:00+00:00"}},
    {"model": "app.datoprocesado", "pk": 242, "fields": {"area": 1, "fila": 3, "plc": 1, "raw_dato": 1, "dato": "real:098.64", "date": "2020-01-01T00:40:00+00:00", "name": "booleano 1", "created_at": "2020-01-01T00:00:00+00:00", "mod_at": "2020-01-01T00:00:00+00:00"}},
    {"model": "app.datoprocesado", "pk": 243, "fields": {"area": 1, "fila": 3, "plc": 1, "raw_dato": 2, "dato": "real:997.83", "date": "2020-01-01T00:41:00+00:00", "name": "booleano 1", "created_at": "2020-01-01T00:00:01+00:00", "mod_at": "2020-01-01T00:00:00+00:00"}},
    {"model": "app.datoprocesado", "pk": 244, "fields": {"area": 1, "fila": 3, "plc": 1, "raw_dato": 3, "dato": "real:75.8770", "date": "2020-01-01T00:42:00+00:00", "name": "booleano 1", "created_at": "2020-01-01T00:00:02+00:00", "mod_at": "2020-01-01T00:00:00+00:00"}},
    {"model": "app.datoprocesado", "pk": 245, "fields": {"area": 1, "fila": 3, "plc": 1, "raw_dato": 4, "dato": "real:15.1", "date": "2020-01-01T00:43:00+00:00", "name": "booleano 1", "created_at": "2020-01-01T00:00:03+00:00", "mod_at": "2020-01-01T00:00:00+00:00"}},
    {"model": "app.datoprocesado", "pk": 246, "fields": {"area": 1, "fila": 3, "plc": 1, "raw_dato": 3, "dato": "real:83.336", "date": "2020-01-01T00:44:00+00:00", "name": "booleano 1", "created_at": "2020-01-01T00:00:02+00:00", "mod_at": "2020-01-01T00:00:00+00:00"}},
    {"model": "app.datoprocesado", "pk": 247, "fields": {"area": 1, "fila": 3, "plc": 1, "raw_dato": 1, "dato": "real:1.51", "date": "2020-01-01T00:45:00+00:00", "name": "booleano 1", "created_at": "2020-01-01T00:00:00+00:00", "mod_at": "2020-01-01T00:00:00+00:00"}},
    {"model": "app.datoprocesado", "pk": 248, "fields": {"area": 1, "fila": 3, "plc": 1, "raw_dato": 2, "dato": "real:47.41", "date": "2020-01-01T00:46:00+00:00", "name": "booleano 1", "created_at": "2020-01-01T00:00:01+00:00", "mod_at": "2020-01-01T00:00:00+00:00"}},
    {"model": "app.datoprocesado", "pk": 249, "fields": {"area": 1, "fila": 3, "plc": 1, "raw_dato": 3, "dato": "real:9.3365", "date": "2020-01-01T00:47:00+00:00", "name": "booleano 1", "created_at": "2020-01-01T00:00:02+00:00", "mod_at": "2020-01-01T00:00:00+00:00"}},
    {"model": "app.datoprocesado", "pk": 250, "fields": {"area": 1, "fila": 3, "plc": 1, "raw_dato": 4, "dato": "real:61.73551", "date": "2020-01-01T00:48:00+00:00", "name": "booleano 1", "created_at": "2020-01-01T00:00:03+00:00", "mod_at": "2020-01-01T00:00:00+00:00"}},
    {"model": "app.datoprocesado", "pk": 251, "fields": {"area": 1, "fila": 3, "plc": 1, "raw_dato": 3, "dato": "real:9.31217", "date": "2020-01-01T00:49:00+00:00", "name": "booleano 1", "created_at": "2020-01-01T00:00:02+00:00", "mod_at": "2020-01-01T00:00:00+00:00"}},
    {"model": "app.datoprocesado", "pk": 252, "fields": {"area": 1, "fila": 3, "plc": 1, "raw_dato": 1, "dato": "real:780.8058", "date": "2020-01-01T00:50:00+00:00", "name": "booleano 1", "created_at": "2020-01-01T00:00:00+00:00", "mod_at": "2020-01-01T00:00:00+00:00"}},
    {"model": "app.datoprocesado", "pk": 253, "fields": {"area": 1, "fila": 3, "plc": 1, "raw_dato": 2, "dato": "real:5.495", "date": "2020-01-01T00:51:00+00:00", "name": "booleano 1", "created_at": "2020-01-01T00:00:01+00:00", "mod_at": "2020-01-01T00:00:00+00:00"}},
    {"model": "app.datoprocesado", "pk": 254, "fields": {"area": 1, "fila": 3, "plc": 1, "raw_dato": 3, "dato": "real:8.85680", "date": "2020-01-01T00:52:00+00:00", "name": "booleano 1", "created_at": "2020-01-01T00:00:02+00:00", "mod_at": "2020-01-01T00:00:00+00:00"}},
    {"model": "app.datoprocesado", "pk": 255, "fields": {"area": 1, "fila": 3, "plc": 1, "raw_dato": 4, "dato": "real:323.4", "date": "2020-01-01T00:53:00+00:00", "name": "booleano 1", "created_at": "2020-01-01T00:00:03+00:00", "mod_at": "2020-01-01T00:00:00+00:00"}},
    {"model": "app.datoprocesado", "pk": 256, "fields": {"area": 1, "fila": 3, "plc": 1, "raw_dato": 3, "dato": "real:6.53", "date": "2020-01-01T00:54:00+00:00", "name": "booleano 1", "created_at": "2020-01-01T00:00:02+00:00", "mod_at": "2020-01-01T00:00:00+00:00"}},
    {"model": "app.datoprocesado", "pk": 257, "fields": {"area": 1, "fila": 3, "plc": 1, "raw_dato": 1, "dato": "real:8.944", "date": "2020-01-01T00:55:00+00:00", "name": "booleano 1", "created_at": "2020-01-01T00:00:00+00:00", "mod_at": "2020-01-01T00:00:00+00:00"}},
    {"model": "app.datoprocesado", "pk": 258, "fields": {"area": 1, "fila": 3, "plc": 1, "raw_dato": 2, "dato": "real:725.4724", "date": "2020-01-01T00:56:00+00:00", "name": "booleano 1", "created_at": "2020-01-01T00:00:01+00:00", "mod_at": "2020-01-01T00:00:00+00:00"}},
    {"model": "app.datoprocesado", "pk": 259, "fields": {"area": 1, "fila": 3, "plc": 1, "raw_dato": 3, "dato": "real:6.652", "date": "2020-01-01T00:57:00+00:00", "name": "booleano 1", "created_at": "2020-01-01T00:00:02+00:00", "mod_at": "2020-01-01T00:00:00+00:00"}},
    {"model": "app.datoprocesado", "pk": 260, "fields": {"area": 1, "fila": 3, "plc": 1, "raw_dato": 4, "dato": "real:8.938", "date": "2020-01-01T00:58:00+00:00", "name": "booleano 1", "created_at": "2020-01-01T00:00:03+00:00", "mod_at": "2020-01-01T00:00:00+00:00"}},
    {"model": "app.datoprocesado", "pk": 261, "fields": {"area": 1, "fila": 3, "plc": 1, "raw_dato": 3, "dato": "real:841.83", "date": "2020-01-01T00:59:00+00:00", "name": "booleano 1", "created_at": "2020-01-01T00:00:02+00:00", "mod_at": "2020-01-01T00:00:00+00:00"}},
    {"model": "app.datoprocesado", "pk": 262, "fields": {"area": 1, "fila": 3, "plc": 1, "raw_dato": 1, "dato": "real:46.675", "date": "2020-01-01T01:00:00+00:00", "name": "booleano 1", "created_at": "2020-01-01T00:00:00+00:00", "mod_at": "2020-01-01T00:00:00+00:00"}},
    {"model": "app.datoprocesado", "pk": 263, "fields": {"area": 1, "fila": 3, "plc": 1, "raw_dato": 2, "dato": "real:72.4070", "date": "2020-01-01T01:01:00+00:00", "name": "booleano 1", "created_at": "2020-01-01T00:00:01+00:00", "mod_at": "2020-01-01T00:00:00+00:00"}},
    {"model": "app.datoprocesado", "pk": 264, "fields": {"area": 1, "fila": 3, "plc": 1, "raw_dato": 3, "dato": "real:063.49", "date": "2020-01-01T01:02:00+00:00", "name": "booleano 1", "created_at": "2020-01-01T00:00:02+00:00", "mod_at": "2020-01-01T00:00:00+00:00"}},
    {"model": "app.datoprocesado", "pk": 265, "fields": {"area": 1, "fila": 3, "plc": 1, "raw_dato": 4, "dato": "real:139.7264", "date": "2020-01-01T01:03:00+00:00", "name": "booleano 1", "created_at": "2020-01-01T00:00:03+00:00", "mod_at": "2020-01-01T00:00:00+00:00"}},
    {"model": "app.datoprocesado", "pk": 266, "fields": {"area": 1, "fila": 3, "plc": 1, "raw_dato": 3, "dato": "real:2.8", "date": "2020-01-01T01:04:00+00:00", "name": "booleano 1", "created_at": "2020-01-01T00:00:02+00:00", "mod_at": "2020-01-01T00:00:00+00:00"}},
    {"model": "app.datoprocesado", "pk": 267, "fields": {"area": 1, "fila": 3, "plc": 1, "raw_dato": 1, "dato": "real:5.161", "date": "2020-01-01T01:05:00+00:00", "name": "booleano 1", "created_at": "2020-01-01T00:00:00+00:00", "mod_at": "2020-01-01T00:00:00+00:00"}},
    {"model": "app.datoprocesado", "pk": 268, "fields": {"area": 1, "fila": 3, "plc": 1, "raw_dato": 2, "dato": "real:0.8", "date": "2020-01-01T01:06:00+00:00", "name": "booleano 1", "created_at": "2020-01-01T00:00:01+00:00", "mod_at": "2020-01-01T00:00:00+00:00"}},
    {"model": "app.datoprocesado", "pk": 269, "fields": {"area": 1, "fila": 3, "plc": 1, "raw_dato": 3, "dato": "real:643.30472", "date": "2020-01-01T01:07:00+00:00", "name": "booleano 1", "created_at": "2020-01-01T00:00:02+00:00", "mod_at": "2020-01-01T00:00:00+00:00"}},
    {"model": "app.datoprocesado", "pk": 270, "fields": {"area": 1, "fila": 3, "plc": 1, "raw_dato": 4, "dato": "real:1.09895", "date": "2020-01-01T01:08:00+00:00", "name": "booleano 1", "created_at": "2020-01-01T00:00:03+00:00", "mod_at": "2020-01-01T00:00:00+00:00"}},
    {"model": "app.datoprocesado", "pk": 271, "fields": {"area": 1, "fila": 3, "plc": 1, "raw_dato": 3, "dato": "real:67.761", "date": "2020-01-01T01:09:00+00:00", "name": "booleano 1", "created_at": "2020-01-01T00:00:02+00:00", "mod_at": "2020-01-01T00:00:00+00:00"}},
    {"model": "app.datoprocesado", "pk": 272, "fields": {"area": 1, "fila": 3, "plc": 1, "raw_dato": 1, "dato": "real:442.54803", "date": "2020-01-01T01:10:00+00:00", "name": "booleano 1", "created_at": "2020-01-01T00:00:00+00:00", "mod_at": "2020-01-01T00:00:00+00:00"}},
    {"model": "app.datoprocesado", "pk": 273, "fields": {"area": 1, "fila": 3, "plc": 1, "raw_dato": 2, "dato": "real:290.0", "date": "2020-01-01T01:11:00+00:00", "name": "booleano 1", "created_at": "2020-01-01T00:00:01+00:00", "mod_at": "2020-01-01T00:00:00+00:00"}},
    {"model": "app.datoprocesado", "pk": 274, "fields": {"area": 1, "fila": 3, "plc": 1, "raw_dato": 3, "dato": "real:7.35633", "date": "2020-01-01T01:12:00+00:00", "name": "booleano 1", "created_at": "2020-01-01T00:00:02+00:00", "mod_at": "2020-01-01T00:00:00+00:00"}},
    {"model": "app.datoprocesado", "pk": 275, "fields": {"area": 1, "fila": 3, "plc": 1, "raw_dato": 4, "dato": "real:233.0", "date": "2020-01-01T01:13:00+00:00", "name": "booleano 1", "created_at": "2020-01-01T00:00:03+00:00", "mod_at": "2020-01-01T00:00:00+00:00"}},
    {"model": "app.datoprocesado", "pk": 276, "fields": {"area": 1, "fila": 3, "plc": 1, "raw_dato": 3, "dato": "real:7.56722", "date": "2020-01-01T01:14:00+00:00", "name": "booleano 1", "created_at": "2020-01-01T00:00:02+00:00", "mod_at": "2020-01-01T00:00:00+00:00"}},
    {"model": "app.datoprocesado", "pk": 277, "fields": {"area": 1, "fila": 3, "plc": 1, "raw_dato": 1, "dato": "real:550.54478", "date": "2020-01-01T01:15:00+00:00", "name": "booleano 1", "created_at": "2020-01-01T00:00:00+00:00", "mod_at": "2020-01-01T00:00:00+00:00"}},
    {"model": "app.datoprocesado", "pk": 278, "fields": {"area": 1, "fila": 3, "plc": 1, "raw_dato": 2, "dato": "real:464.143", "date": "2020-01-01T01:16:00+00:00", "name": "booleano 1", "created_at": "2020-01-01T00:00:01+00:00", "mod_at": "2020-01-01T00:00:00+00:00"}},
    {"model": "app.datoprocesado", "pk": 279, "fields": {"area": 1, "fila": 3, "plc": 1, "raw_dato": 3, "dato": "real:812.35285", "date": "2020-01-01T01:17:00+00:00", "name": "booleano 1", "created_at": "2020-01-01T00:00:02+00:00", "mod_at": "2020-01-01T00:00:00+00:00"}},
    {"model": "app.datoprocesado", "pk": 280, "fields": {"area": 1, "fila": 3, "plc": 1, "raw_dato": 4, "dato": "real:0.5304", "date": "2020-01-01T01:18:00+00:00", "name": "booleano 1", "created_at": "2020-01-01T00:00:03+00:00", "mod_at": "2020-01-01T00:00:00+00:00"}},
    {"model": "app.datoprocesado", "pk": 281, "fields": {"area": 1, "fila": 3, "plc": 1, "raw_dato": 3, "dato": "real:5.986", "date": "2020-01-01T01:19:00+00:00", "name": "booleano 1", "created_at": "2020-01-01T00:00:02+00:00", "mod_at": "2020-01-01T00:00:00+00:00"}},
    {"model": "app.datoprocesado", "pk": 282, "fields": {"area": 1, "fila": 3, "plc": 1, "raw_dato": 1, "dato": "real:8.0", "date": "2020-01-01T01:20:00+00:00", "name": "booleano 1", "created_at": "2020-01-01T00:00:00+00:00", "mod_at": "2020-01-01T00:00:00+00:00"}},
    {"model": "app.datoprocesado", "pk": 283, "fields": {"area": 1, "fila": 3, "plc": 1, "raw_dato": 2, "dato": "real:472.464", "date": "2020-01-01T01:21:00+00:00", "name": "booleano 1", "created_at": "2020-01-01T00:00:01+00:00", "mod_at": "2020-01-01T00:00:00+00:00"}},
    {"model": "app.datoprocesado", "pk": 284, "fields": {"area": 1, "fila": 3, "plc": 1, "raw_dato": 3, "dato": "real:9.28", "date": "2020-01-01T01:22:00+00:00", "name": "booleano 1", "created_at": "2020-01-01T00:00:02+00:00", "mod_at": "2020-01-01T00:00:00+00:00"}},
    {"model": "app.datoprocesado", "pk": 285, "fields": {"area": 1, "fila": 3, "plc": 1, "raw_dato": 4, "dato": "real:251.56", "date": "2020-01-01T01:23:00+00:00", "name": "booleano 1", "created_at": "2020-01-01T00:00:03+00:00", "mod_at": "2020-01-01T00:00:00+00:00"}},
    {"model": "app.datoprocesado", "pk": 286, "fields": {"area": 1, "fila": 3, "plc": 1, "raw_dato": 3, "dato": "real:7.94456", "date": "2020-01-01T01:24:00+00:00", "name": "booleano 1", "created_at": "2020-01-01T00:00:02+00:00", "mod_at": "2020-01-01T00:00:00+00:00"}},
    {"model": "app.datoprocesado", "pk": 287, "fields": {"area": 1, "fila": 3, "plc": 1, "raw_dato": 3, "dato": "real:4.3", "date": "2020-01-01T01:25:00+00:00", "name": "booleano 1", "created_at": "2020-01-01T00:00:02+00:00", "mod_at": "2020-01-01T00:00:00+00:00"}},
    {"model": "app.datoprocesado", "pk": 288, "fields": {"area": 1, "fila": 3, "plc": 1, "raw_dato": 3, "dato": "real:35.4448", "date": "2020-01-01T01:26:00+00:00", "name": "booleano 1", "created_at": "2020-01-01T00:00:02+00:00", "mod_at": "2020-01-01T00:00:00+00:00"}},
    {"model": "app.datoprocesado", "pk": 289, "fields": {"area": 1, "fila": 3, "plc": 1, "raw_dato": 3, "dato": "real:1.18532", "date": "2020-01-01T01:27:00+00:00", "name": "booleano 1", "created_at": "2020-01-01T00:00:02+00:00", "mod_at": "2020-01-01T00:00:00+00:00"}},
    {"model": "app.datoprocesado", "pk": 290, "fields": {"area": 1, "fila": 3, "plc": 1, "raw_dato": 3, "dato": "real:40.21", "date": "2020-01-01T01:28:00+00:00", "name": "booleano 1", "created_at": "2020-01-01T00:00:02+00:00", "mod_at": "2020-01-01T00:00:00+00:00"}},
    {"model": "app.datoprocesado", "pk": 291, "fields": {"area": 1, "fila": 3, "plc": 1, "raw_dato": 3, "dato": "real:33.7", "date": "2020-01-01T01:29:00+00:00", "name": "booleano 1", "created_at": "2020-01-01T00:00:02+00:00", "mod_at": "2020-01-01T00:00:00+00:00"}},
    {"model": "app.datoprocesado", "pk": 292, "fields": {"area": 1, "fila": 3, "plc": 1, "raw_dato": 3, "dato": "real:654.3879", "date": "2020-01-01T01:30:00+00:00", "name": "booleano 1", "created_at": "2020-01-01T00:00:02+00:00", "mod_at": "2020-01-01T00:00:00+00:00"}},
    {"model": "app.datoprocesado", "pk": 293, "fields": {"area": 1, "fila": 3, "plc": 1, "raw_dato": 3, "dato": "real:1.08", "date": "2020-01-01T01:31:00+00:00", "name": "booleano 1", "created_at": "2020-01-01T00:00:02+00:00", "mod_at": "2020-01-01T00:00:00+00:00"}},
    {"model": "app.datoprocesado", "pk": 294, "fields": {"area": 1, "fila": 3, "plc": 1, "raw_dato": 3, "dato": "real:39.2", "date": "2020-01-01T01:32:00+00:00", "name": "booleano 1", "created_at": "2020-01-01T00:00:02+00:00", "mod_at": "2020-01-01T00:00:00+00:00"}},
    {"model": "app.datoprocesado", "pk": 295, "fields": {"area": 1, "fila": 3, "plc": 1, "raw_dato": 3, "dato": "real:720.2225", "date": "2020-01-01T01:33:00+00:00", "name": "booleano 1", "created_at": "2020-01-01T00:00:02+00:00", "mod_at": "2020-01-01T00:00:00+00:00"}},
    {"model": "app.datoprocesado", "pk": 296, "fields": {"area": 1, "fila": 3, "plc": 1, "raw_dato": 3, "dato": "real:0.3145", "date": "2020-01-01T01:34:00+00:00", "name": "booleano 1", "created_at": "2020-01-01T00:00:02+00:00", "mod_at": "2020-01-01T00:00:00+00:00"}},
    {"model": "app.datoprocesado", "pk": 297, "fields": {"area": 1, "fila": 3, "plc": 1, "raw_dato": 3, "dato": "real:1.68", "date": "2020-01-01T01:35:00+00:00", "name": "booleano 1", "created_at": "2020-01-01T00:00:02+00:00", "mod_at": "2020-01-01T00:00:00+00:00"}},
    {"model": "app.datoprocesado", "pk": 298, "fields": {"area": 1, "fila": 3, "plc": 1, "raw_dato": 3, "dato": "real:314.95", "date": "2020-01-01T01:36:00+00:00", "name": "booleano 1", "created_at": "2020-01-01T00:00:02+00:00", "mod_at": "2020-01-01T00:00:00+00:00"}},
    {"model": "app.datoprocesado", "pk": 299, "fields": {"area": 1, "fila": 3, "plc": 1, "raw_dato": 3, "dato": "real:61.10", "date": "2020-01-01T01:37:00+00:00", "name": "booleano 1", "created_at": "2020-01-01T00:00:02+00:00", "mod_at": "2020-01-01T00:00:00+00:00"}},
    {"model": "app.datoprocesado", "pk": 300, "fields": {"area": 1, "fila": 3, "plc": 1, "raw_dato": 3, "dato": "real:1.314", "date": "2020-01-01T01:38:00+00:00", "name": "booleano 1", "created_at": "2020-01-01T00:00:02+00:00", "mod_at": "2020-01-01T00:00:00+00:00"}},
    {"model": "app.datoprocesado", "pk": 301, "fields": {"area": 1, "fila": 3, "plc": 1, "raw_dato": 3, "dato": "real:094.4607", "date": "2020-01-01T01:39:00+00:00", "name": "booleano 1", "created_at": "2020-01-01T00:00:02+00:00", "mod_at": "2020-01-01T00:00:00+00:00"}},
    {"model": "app.datoprocesado", "pk": 302, "fields": {"area": 1, "fila": 3, "plc": 1, "raw_dato": 3, "dato": "real:05.488", "date": "2020-01-01T01:40:00+00:00", "name": "booleano 1", "created_at": "2020-01-01T00:00:02+00:00", "mod_at": "2020-01-01T00:00:00+00:00"}}
    
]