[
    {"model": "app.plc", "pk": 1, "fields": {"ip": "127.0.0.1", "rack": 0, "slot": 0, "port": 1012, "mod_at": "2020-01-01T00:00:00+00:00", "created_at": "2020-01-01T00:00:00+00:00"}},
    {"model": "app.area", "pk": 1, "fields": {"plc": 1, "nombre": "area", "area": 132, "numero": 1, "offset": 2, "created_at": "2020-01-01T00:00:00+00:00", "mod_at": "2020-01-01T00:00:00+00:00"}},
    {"model": "app.area", "pk": 2, "fields": {"plc": 1, "nombre": "area", "area": 132, "numero": 2, "offset": 2, "created_at": "2020-01-01T00:00:00+00:00", "mod_at": "2020-01-01T00:00:00+00:00"}},
    {"model": "app.fila", "pk": 1, "fields": {"area": 1, "name": "entero 1", "byte": 0, "bit": 0, "tipo_dato": "get_int", "created_at": "2020-01-01T00:00:00+00:00", "mod_at": "2020-01-01T00:00:00+00:00"}},
    {"model": "app.fila", "pk": 2, "fields": {"area": 1, "name": "booleano 1", "byte": 2, "bit": 0, "tipo_dato": "get_bool", "created_at": "2020-01-01T00:00:00+00:00", "mod_at": "2020-01-01T00:00:00+00:00"}},
    
    {"model": "app.dato", "pk": 1, "fields": {"area": 1, "created_at": "2020-01-01T00:00:00+00:00", "mod_at": "2020-01-01T00:00:00+00:00", "dato": "AA==", "procesado":false}},
    {"model": "app.dato", "pk": 2, "fields": {"area": 1, "created_at": "2020-01-01T00:00:01+00:00", "mod_at": "2020-01-01T00:00:00+00:00", "dato": "AQ==", "procesado":false}},
    {"model": "app.dato", "pk": 3, "fields": {"area": 1, "created_at": "2020-01-01T00:00:02+00:00", "mod_at": "2020-01-01T00:00:00+00:00", "dato": "Ag==", "procesado":false}},
    {"model": "app.dato", "pk": 4, "fields": {"area": 1, "created_at": "2020-01-01T00:00:03+00:00", "mod_at": "2020-01-01T00:00:00+00:00", "dato": "Aw==", "procesado":false}},
    
    {"model": "app.datoprocesado", "pk": 0, "fields": {"area": 1, "fila": 1, "plc": 1, "raw_dato": 1, "dato": "int:56", "date": "2020-01-01T00:00:00+00:00", "name": "entero 1", "created_at": "2020-01-01T00:00:00+00:00", "mod_at": "2020-01-01T00:00:00+00:00"}},
    {"model": "app.datoprocesado", "pk": 1, "fields": {"area": 1, "fila": 1, "plc": 1, "raw_dato": 2, "dato": "int:18", "date": "2020-01-01T00:01:00+00:00", "name": "entero 1", "created_at": "2020-01-01T00:00:01+00:00", "mod_at": "2020-01-01T00:00:00+00:00"}},
    {"model": "app.datoprocesado", "pk": 2, "fields": {"area": 1, "fila": 1, "plc": 1, "raw_dato": 3, "dato": "int:5", "date": "2020-01-01T00:02:00+00:00", "name": "entero 1", "created_at": "2020-01-01T00:00:02+00:00", "mod_at": "2020-01-01T00:00:00+00:00"}},
    {"model": "app.datoprocesado", "pk": 3, "fields": {"area": 1, "fila": 1, "plc": 1, "raw_dato": 4, "dato": "int:77", "date": "2020-01-01T00:03:00+00:00", "name": "entero 1", "created_at": "2020-01-01T00:00:03+00:00", "mod_at": "2020-01-01T00:00:00+00:00"}},
    {"model": "app.datoprocesado", "pk": 4, "fields": {"area": 1, "fila": 1, "plc": 1, "raw_dato": 3, "dato": "int:88", "date": "2020-01-01T00:04:00+00:00", "name": "entero 1", "created_at": "2020-01-01T00:00:02+00:00", "mod_at": "2020-01-01T00:00:00+00:00"}},
    {"model": "app.datoprocesado", "pk": 5, "fields": {"area": 1, "fila": 1, "plc": 1, "raw_dato": 1, "dato": "int:71", "date": "2020-01-01T00:05:00+00:00", "name": "entero 1", "created_at": "2020-01-01T00:00:00+00:00", "mod_at": "2020-01-01T00:00:00+00:00"}},
    {"model": "app.datoprocesado", "pk": 6, "fields": {"area": 1, "fila": 1, "plc": 1, "raw_dato": 2, "dato": "int:55", "date": "2020-01-01T00:06:00+00:00", "name": "entero 1", "created_at": "2020-01-01T00:00:01+00:00", "mod_at": "2020-01-01T00:00:00+00:00"}},
    {"model": "app.datoprocesado", "pk": 7, "fields": {"area": 1, "fila": 1, "plc": 1, "raw_dato": 3, "dato": "int:73", "date": "2020-01-01T00:07:00+00:00", "name": "entero 1", "created_at": "2020-01-01T00:00:02+00:00", "mod_at": "2020-01-01T00:00:00+00:00"}},
    {"model": "app.datoprocesado", "pk": 8, "fields": {"area": 1, "fila": 1, "plc": 1, "raw_dato": 4, "dato": "int:54", "date": "2020-01-01T00:08:00+00:00", "name": "entero 1", "created_at": "2020-01-01T00:00:03+00:00", "mod_at": "2020-01-01T00:00:00+00:00"}},
    {"model": "app.datoprocesado", "pk": 9, "fields": {"area": 1, "fila": 1, "plc": 1, "raw_dato": 3, "dato": "int:41", "date": "2020-01-01T00:09:00+00:00", "name": "entero 1", "created_at": "2020-01-01T00:00:02+00:00", "mod_at": "2020-01-01T00:00:00+00:00"}},
    {"model": "app.datoprocesado", "pk": 10, "fields": {"area": 1, "fila": 1, "plc": 1, "raw_dato": 1, "dato": "int:28", "date": "2020-01-01T00:10:00+00:00", "name": "entero 1", "created_at": "2020-01-01T00:00:00+00:00", "mod_at": "2020-01-01T00:00:00+00:00"}},
    {"model": "app.datoprocesado", "pk": 11, "fields": {"area": 1, "fila": 1, "plc": 1, "raw_dato": 2, "dato": "int:55", "date": "2020-01-01T00:11:00+00:00", "name": "entero 1", "created_at": "2020-01-01T00:00:01+00:00", "mod_at": "2020-01-01T00:00:00+00:00"}},
    {"model": "app.datoprocesado", "pk": 12, "fields": {"area": 1, "fila": 1, "plc": 1, "raw_dato": 3, "dato": "int:19", "date": "2020-01-01T00:12:00+00:00", "name": "entero 1", "created_at": "2020-01-01T00:00:02+00:00", "mod_at": "2020-01-01T00:00:00+00:00"}},
    {"model": "app.datoprocesado", "pk": 13, "fields": {"area": 1, "fila": 1, "plc": 1, "raw_dato": 4, "dato": "int:2", "date": "2020-01-01T00:13:00+00:00", "name": "entero 1", "created_at": "2020-01-01T00:00:03+00:00", "mod_at": "2020-01-01T00:00:00+00:00"}},
    {"model": "app.datoprocesado", "pk": 14, "fields": {"area": 1, "fila": 1, "plc": 1, "raw_dato": 3, "dato": "int:11", "date": "2020-01-01T00:14:00+00:00", "name": "entero 1", "created_at": "2020-01-01T00:00:02+00:00", "mod_at": "2020-01-01T00:00:00+00:00"}},
    {"model": "app.datoprocesado", "pk": 15, "fields": {"area": 1, "fila": 1, "plc": 1, "raw_dato": 1, "dato": "int:91", "date": "2020-01-01T00:15:00+00:00", "name": "entero 1", "created_at": "2020-01-01T00:00:00+00:00", "mod_at": "2020-01-01T00:00:00+00:00"}},
    {"model": "app.datoprocesado", "pk": 16, "fields": {"area": 1, "fila": 1, "plc": 1, "raw_dato": 2, "dato": "int:25", "date": "2020-01-01T00:16:00+00:00", "name": "entero 1", "created_at": "2020-01-01T00:00:01+00:00", "mod_at": "2020-01-01T00:00:00+00:00"}},
    {"model": "app.datoprocesado", "pk": 17, "fields": {"area": 1, "fila": 1, "plc": 1, "raw_dato": 3, "dato": "int:42", "date": "2020-01-01T00:17:00+00:00", "name": "entero 1", "created_at": "2020-01-01T00:00:02+00:00", "mod_at": "2020-01-01T00:00:00+00:00"}},
    {"model": "app.datoprocesado", "pk": 18, "fields": {"area": 1, "fila": 1, "plc": 1, "raw_dato": 4, "dato": "int:20", "date": "2020-01-01T00:18:00+00:00", "name": "entero 1", "created_at": "2020-01-01T00:00:03+00:00", "mod_at": "2020-01-01T00:00:00+00:00"}},
    {"model": "app.datoprocesado", "pk": 19, "fields": {"area": 1, "fila": 1, "plc": 1, "raw_dato": 3, "dato": "int:11", "date": "2020-01-01T00:19:00+00:00", "name": "entero 1", "created_at": "2020-01-01T00:00:02+00:00", "mod_at": "2020-01-01T00:00:00+00:00"}},
    {"model": "app.datoprocesado", "pk": 20, "fields": {"area": 1, "fila": 1, "plc": 1, "raw_dato": 1, "dato": "int:100", "date": "2020-01-01T00:20:00+00:00", "name": "entero 1", "created_at": "2020-01-01T00:00:00+00:00", "mod_at": "2020-01-01T00:00:00+00:00"}},
    {"model": "app.datoprocesado", "pk": 21, "fields": {"area": 1, "fila": 1, "plc": 1, "raw_dato": 2, "dato": "int:95", "date": "2020-01-01T00:21:00+00:00", "name": "entero 1", "created_at": "2020-01-01T00:00:01+00:00", "mod_at": "2020-01-01T00:00:00+00:00"}},
    {"model": "app.datoprocesado", "pk": 22, "fields": {"area": 1, "fila": 1, "plc": 1, "raw_dato": 3, "dato": "int:53", "date": "2020-01-01T00:22:00+00:00", "name": "entero 1", "created_at": "2020-01-01T00:00:02+00:00", "mod_at": "2020-01-01T00:00:00+00:00"}},
    {"model": "app.datoprocesado", "pk": 23, "fields": {"area": 1, "fila": 1, "plc": 1, "raw_dato": 4, "dato": "int:35", "date": "2020-01-01T00:23:00+00:00", "name": "entero 1", "created_at": "2020-01-01T00:00:03+00:00", "mod_at": "2020-01-01T00:00:00+00:00"}},
    {"model": "app.datoprocesado", "pk": 24, "fields": {"area": 1, "fila": 1, "plc": 1, "raw_dato": 3, "dato": "int:52", "date": "2020-01-01T00:24:00+00:00", "name": "entero 1", "created_at": "2020-01-01T00:00:02+00:00", "mod_at": "2020-01-01T00:00:00+00:00"}},
    {"model": "app.datoprocesado", "pk": 25, "fields": {"area": 1, "fila": 1, "plc": 1, "raw_dato": 1, "dato": "int:3", "date": "2020-01-01T00:25:00+00:00", "name": "entero 1", "created_at": "2020-01-01T00:00:00+00:00", "mod_at": "2020-01-01T00:00:00+00:00"}},
    {"model": "app.datoprocesado", "pk": 26, "fields": {"area": 1, "fila": 1, "plc": 1, "raw_dato": 2, "dato": "int:9", "date": "2020-01-01T00:26:00+00:00", "name": "entero 1", "created_at": "2020-01-01T00:00:01+00:00", "mod_at": "2020-01-01T00:00:00+00:00"}},
    {"model": "app.datoprocesado", "pk": 27, "fields": {"area": 1, "fila": 1, "plc": 1, "raw_dato": 3, "dato": "int:72", "date": "2020-01-01T00:27:00+00:00", "name": "entero 1", "created_at": "2020-01-01T00:00:02+00:00", "mod_at": "2020-01-01T00:00:00+00:00"}},
    {"model": "app.datoprocesado", "pk": 28, "fields": {"area": 1, "fila": 1, "plc": 1, "raw_dato": 4, "dato": "int:57", "date": "2020-01-01T00:28:00+00:00", "name": "entero 1", "created_at": "2020-01-01T00:00:03+00:00", "mod_at": "2020-01-01T00:00:00+00:00"}},
    {"model": "app.datoprocesado", "pk": 29, "fields": {"area": 1, "fila": 1, "plc": 1, "raw_dato": 3, "dato": "int:17", "date": "2020-01-01T00:29:00+00:00", "name": "entero 1", "created_at": "2020-01-01T00:00:02+00:00", "mod_at": "2020-01-01T00:00:00+00:00"}},
    {"model": "app.datoprocesado", "pk": 30, "fields": {"area": 1, "fila": 1, "plc": 1, "raw_dato": 1, "dato": "int:19", "date": "2020-01-01T00:30:00+00:00", "name": "entero 1", "created_at": "2020-01-01T00:00:00+00:00", "mod_at": "2020-01-01T00:00:00+00:00"}},
    {"model": "app.datoprocesado", "pk": 31, "fields": {"area": 1, "fila": 1, "plc": 1, "raw_dato": 2, "dato": "int:90", "date": "2020-01-01T00:31:00+00:00", "name": "entero 1", "created_at": "2020-01-01T00:00:01+00:00", "mod_at": "2020-01-01T00:00:00+00:00"}},
    {"model": "app.datoprocesado", "pk": 32, "fields": {"area": 1, "fila": 1, "plc": 1, "raw_dato": 3, "dato": "int:12", "date": "2020-01-01T00:32:00+00:00", "name": "entero 1", "created_at": "2020-01-01T00:00:02+00:00", "mod_at": "2020-01-01T00:00:00+00:00"}},
    {"model": "app.datoprocesado", "pk": 33, "fields": {"area": 1, "fila": 1, "plc": 1, "raw_dato": 4, "dato": "int:51", "date": "2020-01-01T00:33:00+00:00", "name": "entero 1", "created_at": "2020-01-01T00:00:03+00:00", "mod_at": "2020-01-01T00:00:00+00:00"}},
    {"model": "app.datoprocesado", "pk": 34, "fields": {"area": 1, "fila": 1, "plc": 1, "raw_dato": 3, "dato": "int:69", "date": "2020-01-01T00:34:00+00:00", "name": "entero 1", "created_at": "2020-01-01T00:00:02+00:00", "mod_at": "2020-01-01T00:00:00+00:00"}},
    {"model": "app.datoprocesado", "pk": 35, "fields": {"area": 1, "fila": 1, "plc": 1, "raw_dato": 1, "dato": "int:52", "date": "2020-01-01T00:35:00+00:00", "name": "entero 1", "created_at": "2020-01-01T00:00:00+00:00", "mod_at": "2020-01-01T00:00:00+00:00"}},
    {"model": "app.datoprocesado", "pk": 36, "fields": {"area": 1, "fila": 1, "plc": 1, "raw_dato": 2, "dato": "int:18", "date": "2020-01-01T00:36:00+00:00", "name": "entero 1", "created_at": "2020-01-01T00:00:01+00:00", "mod_at": "2020-01-01T00:00:00+00:00"}},
    {"model": "app.datoprocesado", "pk": 37, "fields": {"area": 1, "fila": 1, "plc": 1, "raw_dato": 3, "dato": "int:67", "date": "2020-01-01T00:37:00+00:00", "name": "entero 1", "created_at": "2020-01-01T00:00:02+00:00", "mod_at": "2020-01-01T00:00:00+00:00"}},
    {"model": "app.datoprocesado", "pk": 38, "fields": {"area": 1, "fila": 1, "plc": 1, "raw_dato": 4, "dato": "int:8", "date": "2020-01-01T00:38:00+00:00", "name": "entero 1", "created_at": "2020-01-01T00:00:03+00:00", "mod_at": "2020-01-01T00:00:00+00:00"}},
    {"model": "app.datoprocesado", "pk": 39, "fields": {"area": 1, "fila": 1, "plc": 1, "raw_dato": 3, "dato": "int:80", "date": "2020-01-01T00:39:00+00:00", "name": "entero 1", "created_at": "2020-01-01T00:00:02+00:00", "mod_at": "2020-01-01T00:00:00+00:00"}},
    {"model": "app.datoprocesado", "pk": 40, "fields": {"area": 1, "fila": 1, "plc": 1, "raw_dato": 1, "dato": "int:99", "date": "2020-01-01T00:40:00+00:00", "name": "entero 1", "created_at": "2020-01-01T00:00:00+00:00", "mod_at": "2020-01-01T00:00:00+00:00"}},
    {"model": "app.datoprocesado", "pk": 41, "fields": {"area": 1, "fila": 1, "plc": 1, "raw_dato": 2, "dato": "int:44", "date": "2020-01-01T00:41:00+00:00", "name": "entero 1", "created_at": "2020-01-01T00:00:01+00:00", "mod_at": "2020-01-01T00:00:00+00:00"}},
    {"model": "app.datoprocesado", "pk": 42, "fields": {"area": 1, "fila": 1, "plc": 1, "raw_dato": 3, "dato": "int:23", "date": "2020-01-01T00:42:00+00:00", "name": "entero 1", "created_at": "2020-01-01T00:00:02+00:00", "mod_at": "2020-01-01T00:00:00+00:00"}},
    {"model": "app.datoprocesado", "pk": 43, "fields": {"area": 1, "fila": 1, "plc": 1, "raw_dato": 4, "dato": "int:42", "date": "2020-01-01T00:43:00+00:00", "name": "entero 1", "created_at": "2020-01-01T00:00:03+00:00", "mod_at": "2020-01-01T00:00:00+00:00"}},
    {"model": "app.datoprocesado", "pk": 44, "fields": {"area": 1, "fila": 1, "plc": 1, "raw_dato": 3, "dato": "int:12", "date": "2020-01-01T00:44:00+00:00", "name": "entero 1", "created_at": "2020-01-01T00:00:02+00:00", "mod_at": "2020-01-01T00:00:00+00:00"}},
    {"model": "app.datoprocesado", "pk": 45, "fields": {"area": 1, "fila": 1, "plc": 1, "raw_dato": 1, "dato": "int:47", "date": "2020-01-01T00:45:00+00:00", "name": "entero 1", "created_at": "2020-01-01T00:00:00+00:00", "mod_at": "2020-01-01T00:00:00+00:00"}},
    {"model": "app.datoprocesado", "pk": 46, "fields": {"area": 1, "fila": 1, "plc": 1, "raw_dato": 2, "dato": "int:40", "date": "2020-01-01T00:46:00+00:00", "name": "entero 1", "created_at": "2020-01-01T00:00:01+00:00", "mod_at": "2020-01-01T00:00:00+00:00"}},
    {"model": "app.datoprocesado", "pk": 47, "fields": {"area": 1, "fila": 1, "plc": 1, "raw_dato": 3, "dato": "int:78", "date": "2020-01-01T00:47:00+00:00", "name": "entero 1", "created_at": "2020-01-01T00:00:02+00:00", "mod_at": "2020-01-01T00:00:00+00:00"}},
    {"model": "app.datoprocesado", "pk": 48, "fields": {"area": 1, "fila": 1, "plc": 1, "raw_dato": 4, "dato": "int:84", "date": "2020-01-01T00:48:00+00:00", "name": "entero 1", "created_at": "2020-01-01T00:00:03+00:00", "mod_at": "2020-01-01T00:00:00+00:00"}},
    {"model": "app.datoprocesado", "pk": 49, "fields": {"area": 1, "fila": 1, "plc": 1, "raw_dato": 3, "dato": "int:45", "date": "2020-01-01T00:49:00+00:00", "name": "entero 1", "created_at": "2020-01-01T00:00:02+00:00", "mod_at": "2020-01-01T00:00:00+00:00"}},
    {"model": "app.datoprocesado", "pk": 50, "fields": {"area": 1, "fila": 1, "plc": 1, "raw_dato": 1, "dato": "int:18", "date": "2020-01-01T00:50:00+00:00", "name": "entero 1", "created_at": "2020-01-01T00:00:00+00:00", "mod_at": "2020-01-01T00:00:00+00:00"}},
    {"model": "app.datoprocesado", "pk": 51, "fields": {"area": 1, "fila": 1, "plc": 1, "raw_dato": 2, "dato": "int:25", "date": "2020-01-01T00:51:00+00:00", "name": "entero 1", "created_at": "2020-01-01T00:00:01+00:00", "mod_at": "2020-01-01T00:00:00+00:00"}},
    {"model": "app.datoprocesado", "pk": 52, "fields": {"area": 1, "fila": 1, "plc": 1, "raw_dato": 3, "dato": "int:8", "date": "2020-01-01T00:52:00+00:00", "name": "entero 1", "created_at": "2020-01-01T00:00:02+00:00", "mod_at": "2020-01-01T00:00:00+00:00"}},
    {"model": "app.datoprocesado", "pk": 53, "fields": {"area": 1, "fila": 1, "plc": 1, "raw_dato": 4, "dato": "int:76", "date": "2020-01-01T00:53:00+00:00", "name": "entero 1", "created_at": "2020-01-01T00:00:03+00:00", "mod_at": "2020-01-01T00:00:00+00:00"}},
    {"model": "app.datoprocesado", "pk": 54, "fields": {"area": 1, "fila": 1, "plc": 1, "raw_dato": 3, "dato": "int:78", "date": "2020-01-01T00:54:00+00:00", "name": "entero 1", "created_at": "2020-01-01T00:00:02+00:00", "mod_at": "2020-01-01T00:00:00+00:00"}},
    {"model": "app.datoprocesado", "pk": 55, "fields": {"area": 1, "fila": 1, "plc": 1, "raw_dato": 1, "dato": "int:26", "date": "2020-01-01T00:55:00+00:00", "name": "entero 1", "created_at": "2020-01-01T00:00:00+00:00", "mod_at": "2020-01-01T00:00:00+00:00"}},
    {"model": "app.datoprocesado", "pk": 56, "fields": {"area": 1, "fila": 1, "plc": 1, "raw_dato": 2, "dato": "int:70", "date": "2020-01-01T00:56:00+00:00", "name": "entero 1", "created_at": "2020-01-01T00:00:01+00:00", "mod_at": "2020-01-01T00:00:00+00:00"}},
    {"model": "app.datoprocesado", "pk": 57, "fields": {"area": 1, "fila": 1, "plc": 1, "raw_dato": 3, "dato": "int:9", "date": "2020-01-01T00:57:00+00:00", "name": "entero 1", "created_at": "2020-01-01T00:00:02+00:00", "mod_at": "2020-01-01T00:00:00+00:00"}},
    {"model": "app.datoprocesado", "pk": 58, "fields": {"area": 1, "fila": 1, "plc": 1, "raw_dato": 4, "dato": "int:59", "date": "2020-01-01T00:58:00+00:00", "name": "entero 1", "created_at": "2020-01-01T00:00:03+00:00", "mod_at": "2020-01-01T00:00:00+00:00"}},
    {"model": "app.datoprocesado", "pk": 59, "fields": {"area": 1, "fila": 1, "plc": 1, "raw_dato": 3, "dato": "int:91", "date": "2020-01-01T00:59:00+00:00", "name": "entero 1", "created_at": "2020-01-01T00:00:02+00:00", "mod_at": "2020-01-01T00:00:00+00:00"}},
    {"model": "app.datoprocesado", "pk": 60, "fields": {"area": 1, "fila": 1, "plc": 1, "raw_dato": 1, "dato": "int:34", "date": "2020-01-01T01:00:00+00:00", "name": "entero 1", "created_at": "2020-01-01T00:00:00+00:00", "mod_at": "2020-01-01T00:00:00+00:00"}},
    {"model": "app.datoprocesado", "pk": 61, "fields": {"area": 1, "fila": 1, "plc": 1, "raw_dato": 2, "dato": "int:32", "date": "2020-01-01T01:01:00+00:00", "name": "entero 1", "created_at": "2020-01-01T00:00:01+00:00", "mod_at": "2020-01-01T00:00:00+00:00"}},
    {"model": "app.datoprocesado", "pk": 62, "fields": {"area": 1, "fila": 1, "plc": 1, "raw_dato": 3, "dato": "int:45", "date": "2020-01-01T01:02:00+00:00", "name": "entero 1", "created_at": "2020-01-01T00:00:02+00:00", "mod_at": "2020-01-01T00:00:00+00:00"}},
    {"model": "app.datoprocesado", "pk": 63, "fields": {"area": 1, "fila": 1, "plc": 1, "raw_dato": 4, "dato": "int:26", "date": "2020-01-01T01:03:00+00:00", "name": "entero 1", "created_at": "2020-01-01T00:00:03+00:00", "mod_at": "2020-01-01T00:00:00+00:00"}},
    {"model": "app.datoprocesado", "pk": 64, "fields": {"area": 1, "fila": 1, "plc": 1, "raw_dato": 3, "dato": "int:47", "date": "2020-01-01T01:04:00+00:00", "name": "entero 1", "created_at": "2020-01-01T00:00:02+00:00", "mod_at": "2020-01-01T00:00:00+00:00"}},
    {"model": "app.datoprocesado", "pk": 65, "fields": {"area": 1, "fila": 1, "plc": 1, "raw_dato": 1, "dato": "int:60", "date": "2020-01-01T01:05:00+00:00", "name": "entero 1", "created_at": "2020-01-01T00:00:00+00:00", "mod_at": "2020-01-01T00:00:00+00:00"}},
    {"model": "app.datoprocesado", "pk": 66, "fields": {"area": 1, "fila": 1, "plc": 1, "raw_dato": 2, "dato": "int:21", "date": "2020-01-01T01:06:00+00:00", "name": "entero 1", "created_at": "2020-01-01T00:00:01+00:00", "mod_at": "2020-01-01T00:00:00+00:00"}},
    {"model": "app.datoprocesado", "pk": 67, "fields": {"area": 1, "fila": 1, "plc": 1, "raw_dato": 3, "dato": "int:76", "date": "2020-01-01T01:07:00+00:00", "name": "entero 1", "created_at": "2020-01-01T00:00:02+00:00", "mod_at": "2020-01-01T00:00:00+00:00"}},
    {"model": "app.datoprocesado", "pk": 68, "fields": {"area": 1, "fila": 1, "plc": 1, "raw_dato": 4, "dato": "int:35", "date": "2020-01-01T01:08:00+00:00", "name": "entero 1", "created_at": "2020-01-01T00:00:03+00:00", "mod_at": "2020-01-01T00:00:00+00:00"}},
    {"model": "app.datoprocesado", "pk": 69, "fields": {"area": 1, "fila": 1, "plc": 1, "raw_dato": 3, "dato": "int:8", "date": "2020-01-01T01:09:00+00:00", "name": "entero 1", "created_at": "2020-01-01T00:00:02+00:00", "mod_at": "2020-01-01T00:00:00+00:00"}},
    {"model": "app.datoprocesado", "pk": 70, "fields": {"area": 1, "fila": 1, "plc": 1, "raw_dato": 1, "dato": "int:1", "date": "2020-01-01T01:10:00+00:00", "name": "entero 1", "created_at": "2020-01-01T00:00:00+00:00", "mod_at": "2020-01-01T00:00:00+00:00"}},
    {"model": "app.datoprocesado", "pk": 71, "fields": {"area": 1, "fila": 1, "plc": 1, "raw_dato": 2, "dato": "int:29", "date": "2020-01-01T01:11:00+00:00", "name": "entero 1", "created_at": "2020-01-01T00:00:01+00:00", "mod_at": "2020-01-01T00:00:00+00:00"}},
    {"model": "app.datoprocesado", "pk": 72, "fields": {"area": 1, "fila": 1, "plc": 1, "raw_dato": 3, "dato": "int:71", "date": "2020-01-01T01:12:00+00:00", "name": "entero 1", "created_at": "2020-01-01T00:00:02+00:00", "mod_at": "2020-01-01T00:00:00+00:00"}},
    {"model": "app.datoprocesado", "pk": 73, "fields": {"area": 1, "fila": 1, "plc": 1, "raw_dato": 4, "dato": "int:37", "date": "2020-01-01T01:13:00+00:00", "name": "entero 1", "created_at": "2020-01-01T00:00:03+00:00", "mod_at": "2020-01-01T00:00:00+00:00"}},
    {"model": "app.datoprocesado", "pk": 74, "fields": {"area": 1, "fila": 1, "plc": 1, "raw_dato": 3, "dato": "int:46", "date": "2020-01-01T01:14:00+00:00", "name": "entero 1", "created_at": "2020-01-01T00:00:02+00:00", "mod_at": "2020-01-01T00:00:00+00:00"}},
    {"model": "app.datoprocesado", "pk": 75, "fields": {"area": 1, "fila": 1, "plc": 1, "raw_dato": 1, "dato": "int:55", "date": "2020-01-01T01:15:00+00:00", "name": "entero 1", "created_at": "2020-01-01T00:00:00+00:00", "mod_at": "2020-01-01T00:00:00+00:00"}},
    {"model": "app.datoprocesado", "pk": 76, "fields": {"area": 1, "fila": 1, "plc": 1, "raw_dato": 2, "dato": "int:67", "date": "2020-01-01T01:16:00+00:00", "name": "entero 1", "created_at": "2020-01-01T00:00:01+00:00", "mod_at": "2020-01-01T00:00:00+00:00"}},
    {"model": "app.datoprocesado", "pk": 77, "fields": {"area": 1, "fila": 1, "plc": 1, "raw_dato": 3, "dato": "int:64", "date": "2020-01-01T01:17:00+00:00", "name": "entero 1", "created_at": "2020-01-01T00:00:02+00:00", "mod_at": "2020-01-01T00:00:00+00:00"}},
    {"model": "app.datoprocesado", "pk": 78, "fields": {"area": 1, "fila": 1, "plc": 1, "raw_dato": 4, "dato": "int:25", "date": "2020-01-01T01:18:00+00:00", "name": "entero 1", "created_at": "2020-01-01T00:00:03+00:00", "mod_at": "2020-01-01T00:00:00+00:00"}},
    {"model": "app.datoprocesado", "pk": 79, "fields": {"area": 1, "fila": 1, "plc": 1, "raw_dato": 3, "dato": "int:48", "date": "2020-01-01T01:19:00+00:00", "name": "entero 1", "created_at": "2020-01-01T00:00:02+00:00", "mod_at": "2020-01-01T00:00:00+00:00"}},
    {"model": "app.datoprocesado", "pk": 80, "fields": {"area": 1, "fila": 1, "plc": 1, "raw_dato": 1, "dato": "int:78", "date": "2020-01-01T01:20:00+00:00", "name": "entero 1", "created_at": "2020-01-01T00:00:00+00:00", "mod_at": "2020-01-01T00:00:00+00:00"}},
    {"model": "app.datoprocesado", "pk": 81, "fields": {"area": 1, "fila": 1, "plc": 1, "raw_dato": 2, "dato": "int:31", "date": "2020-01-01T01:21:00+00:00", "name": "entero 1", "created_at": "2020-01-01T00:00:01+00:00", "mod_at": "2020-01-01T00:00:00+00:00"}},
    {"model": "app.datoprocesado", "pk": 82, "fields": {"area": 1, "fila": 1, "plc": 1, "raw_dato": 3, "dato": "int:53", "date": "2020-01-01T01:22:00+00:00", "name": "entero 1", "created_at": "2020-01-01T00:00:02+00:00", "mod_at": "2020-01-01T00:00:00+00:00"}},
    {"model": "app.datoprocesado", "pk": 83, "fields": {"area": 1, "fila": 1, "plc": 1, "raw_dato": 4, "dato": "int:28", "date": "2020-01-01T01:23:00+00:00", "name": "entero 1", "created_at": "2020-01-01T00:00:03+00:00", "mod_at": "2020-01-01T00:00:00+00:00"}},
    {"model": "app.datoprocesado", "pk": 84, "fields": {"area": 1, "fila": 1, "plc": 1, "raw_dato": 3, "dato": "int:67", "date": "2020-01-01T01:24:00+00:00", "name": "entero 1", "created_at": "2020-01-01T00:00:02+00:00", "mod_at": "2020-01-01T00:00:00+00:00"}}
    
]